"../../../Engine/Content/EngineResources/GradientTexture0.uasset" 0
"../../../Engine/Content/EngineResources/GradientTexture0.uexp" 1
"../../../Engine/Content/EngineResources/Black.uasset" 2
"../../../Engine/Content/EngineResources/Black.uexp" 3
"../../../Engine/Content/EditorResources/S_Actor.ubulk" 4
"../../../Engine/Content/EditorResources/S_Actor.uasset" 5
"../../../Engine/Content/EditorResources/S_Actor.uexp" 6
"../../../Engine/Content/EditorResources/S_Trigger.ubulk" 7
"../../../Engine/Content/EditorResources/S_Trigger.uasset" 8
"../../../Engine/Content/EditorResources/S_Trigger.uexp" 9
"../../../Engine/Content/EditorResources/S_BoxReflectionCapture.uasset" 10
"../../../Engine/Content/EditorResources/S_BoxReflectionCapture.uexp" 11
"../../../Engine/Content/EngineResources/DefaultTexture.ubulk" 12
"../../../Engine/Content/EngineResources/DefaultTexture.uasset" 13
"../../../Engine/Content/EngineResources/DefaultTexture.uexp" 14
"../../../Engine/Content/EditorResources/S_TriggerBox.uasset" 15
"../../../Engine/Content/EditorResources/S_TriggerBox.uexp" 16
"../../../Engine/Content/EditorResources/S_TriggerCapsule.uasset" 17
"../../../Engine/Content/EditorResources/S_TriggerCapsule.uexp" 18
"../../../Engine/Content/EditorResources/S_TriggerSphere.uasset" 19
"../../../Engine/Content/EditorResources/S_TriggerSphere.uexp" 20
"../../../Engine/Content/EngineMeshes/Sphere.ubulk" 21
"../../../Engine/Content/EngineMeshes/Sphere.uasset" 22
"../../../Engine/Content/EngineMeshes/Sphere.uexp" 23
"../../../Engine/Content/EngineResources/DefaultTextureCube.uasset" 24
"../../../Engine/Content/EngineResources/DefaultTextureCube.uexp" 25
"../../../Engine/Content/VREditor/TransformGizmo/Xray.uasset" 26
"../../../Engine/Content/VREditor/TransformGizmo/Xray.uexp" 27
"../../../Engine/Content/VREditor/TransformGizmo/Main.uasset" 28
"../../../Engine/Content/VREditor/TransformGizmo/Main.uexp" 29
"../../../Engine/Content/VREditor/TransformGizmo/SM_Sequencer_Node.ubulk" 30
"../../../Engine/Content/VREditor/TransformGizmo/SM_Sequencer_Node.uasset" 31
"../../../Engine/Content/VREditor/TransformGizmo/SM_Sequencer_Node.uexp" 32
"../../../Engine/Content/EditorResources/S_Solver.ubulk" 33
"../../../Engine/Content/EditorResources/S_Solver.uasset" 34
"../../../Engine/Content/EditorResources/S_Solver.uexp" 35
"../../../Engine/Content/EditorMaterials/Camera/CineMat.uasset" 36
"../../../Engine/Content/EditorMaterials/Camera/CineMat.uexp" 37
"../../../Engine/Content/EditorMaterials/Camera/MI_CineMat_Rig.uasset" 38
"../../../Engine/Content/EditorMaterials/Camera/MI_CineMat_Rig.uexp" 39
"../../../Engine/Content/EditorMeshes/Camera/SM_CraneRig_Base.ubulk" 40
"../../../Engine/Content/EditorMeshes/Camera/SM_CraneRig_Base.uasset" 41
"../../../Engine/Content/EditorMeshes/Camera/SM_CraneRig_Base.uexp" 42
"../../../Engine/Content/EditorMeshes/Camera/SM_CraneRig_Arm.ubulk" 43
"../../../Engine/Content/EditorMeshes/Camera/SM_CraneRig_Arm.uasset" 44
"../../../Engine/Content/EditorMeshes/Camera/SM_CraneRig_Arm.uexp" 45
"../../../Engine/Content/EditorMeshes/Camera/SM_CraneRig_Mount.ubulk" 46
"../../../Engine/Content/EditorMeshes/Camera/SM_CraneRig_Mount.uasset" 47
"../../../Engine/Content/EditorMeshes/Camera/SM_CraneRig_Mount.uexp" 48
"../../../Engine/Content/EditorMeshes/Camera/SM_CraneRig_Body.ubulk" 49
"../../../Engine/Content/EditorMeshes/Camera/SM_CraneRig_Body.uasset" 50
"../../../Engine/Content/EditorMeshes/Camera/SM_CraneRig_Body.uexp" 51
"../../../Engine/Content/EditorMeshes/Camera/SM_RailRig_Track.ubulk" 52
"../../../Engine/Content/EditorMeshes/Camera/SM_RailRig_Track.uasset" 53
"../../../Engine/Content/EditorMeshes/Camera/SM_RailRig_Track.uexp" 54
"../../../Engine/Content/EditorMeshes/Camera/SM_RailRig_Mount.ubulk" 55
"../../../Engine/Content/EditorMeshes/Camera/SM_RailRig_Mount.uasset" 56
"../../../Engine/Content/EditorMeshes/Camera/SM_RailRig_Mount.uexp" 57
"../../../Engine/Content/EditorLandscapeResources/SplineEditorMeshMat.uasset" 58
"../../../Engine/Content/EditorLandscapeResources/SplineEditorMeshMat.uexp" 59
"../../../Engine/Content/EditorLandscapeResources/SplineEditorMesh.ubulk" 60
"../../../Engine/Content/EditorLandscapeResources/SplineEditorMesh.uasset" 61
"../../../Engine/Content/EditorLandscapeResources/SplineEditorMesh.uexp" 62
"../../../Engine/Plugins/2D/Paper2D/Content/PlaceholderTextures/DummySpriteTexture.ubulk" 63
"../../../Engine/Plugins/2D/Paper2D/Content/PlaceholderTextures/DummySpriteTexture.uasset" 64
"../../../Engine/Plugins/2D/Paper2D/Content/PlaceholderTextures/DummySpriteTexture.uexp" 65
"../../../Engine/Plugins/2D/Paper2D/Content/DefaultSpriteMaterial.uasset" 66
"../../../Engine/Plugins/2D/Paper2D/Content/DefaultSpriteMaterial.uexp" 67
"../../../Engine/Plugins/2D/Paper2D/Content/OpaqueUnlitSpriteMaterial.uasset" 68
"../../../Engine/Plugins/2D/Paper2D/Content/OpaqueUnlitSpriteMaterial.uexp" 69
"../../../Engine/Plugins/2D/Paper2D/Content/MaskedUnlitSpriteMaterial.uasset" 70
"../../../Engine/Plugins/2D/Paper2D/Content/MaskedUnlitSpriteMaterial.uexp" 71
"../../../Engine/Plugins/2D/Paper2D/Content/DummySprite.uasset" 72
"../../../Engine/Plugins/2D/Paper2D/Content/DummySprite.uexp" 73
"../../../Engine/Plugins/2D/Paper2D/Content/DefaultPaperTerrainMaterial.uasset" 74
"../../../Engine/Plugins/2D/Paper2D/Content/DefaultPaperTerrainMaterial.uexp" 75
"../../../Engine/Plugins/NNE/NNEDenoiser/Content/NNE_oidn2-3-0_rt_hdr_calb_cnrm_large__dyn__fp16_opset11_ForwardAlpha.uasset" 76
"../../../Engine/Plugins/NNE/NNEDenoiser/Content/NNE_oidn2-3-0_rt_hdr_calb_cnrm_large__dyn__fp16_opset11_ForwardAlpha.uexp" 77
"../../../Engine/Plugins/NNE/NNEDenoiser/Content/NNE_oidn2-3-0_rt_hdr_calb_cnrm_large__dyn__fp16_opset11_DenoiseAlpha.uasset" 78
"../../../Engine/Plugins/NNE/NNEDenoiser/Content/NNE_oidn2-3-0_rt_hdr_calb_cnrm_large__dyn__fp16_opset11_DenoiseAlpha.uexp" 79
"../../../Engine/Plugins/NNE/NNEDenoiser/Content/NNE_oidn2-3-0_rt_hdr_alb_nrm__dyn__fp16_opset11_ForwardAlpha.uasset" 80
"../../../Engine/Plugins/NNE/NNEDenoiser/Content/NNE_oidn2-3-0_rt_hdr_alb_nrm__dyn__fp16_opset11_ForwardAlpha.uexp" 81
"../../../Engine/Plugins/NNE/NNEDenoiser/Content/NNE_oidn2-3-0_rt_hdr_alb_nrm__dyn__fp16_opset11_DenoiseAlpha.uasset" 82
"../../../Engine/Plugins/NNE/NNEDenoiser/Content/NNE_oidn2-3-0_rt_hdr_alb_nrm__dyn__fp16_opset11_DenoiseAlpha.uexp" 83
"../../../Engine/Plugins/NNE/NNEDenoiser/Content/NNE_oidn2-3-0_rt_hdr_alb_nrm_small__dyn__fp16_opset11_ForwardAlpha.uasset" 84
"../../../Engine/Plugins/NNE/NNEDenoiser/Content/NNE_oidn2-3-0_rt_hdr_alb_nrm_small__dyn__fp16_opset11_ForwardAlpha.uexp" 85
"../../../Engine/Plugins/NNE/NNEDenoiser/Content/NNE_oidn2-3-0_rt_hdr_alb_nrm_small__dyn__fp16_opset11_DenoiseAlpha.uasset" 86
"../../../Engine/Plugins/NNE/NNEDenoiser/Content/NNE_oidn2-3-0_rt_hdr_alb_nrm_small__dyn__fp16_opset11_DenoiseAlpha.uexp" 87
"../../../Engine/Plugins/NNE/NNEDenoiser/Content/NNEDTOM_Output_Default.uasset" 88
"../../../Engine/Plugins/NNE/NNEDenoiser/Content/NNEDTOM_Output_Default.uexp" 89
"../../../Engine/Plugins/NNE/NNEDenoiser/Content/NNEDTOM_Output_Alpha.uasset" 90
"../../../Engine/Plugins/NNE/NNEDenoiser/Content/NNEDTOM_Output_Alpha.uexp" 91
"../../../Engine/Plugins/NNE/NNEDenoiser/Content/NNEDTIM_ColorAlbedoNormal_Default.uasset" 92
"../../../Engine/Plugins/NNE/NNEDenoiser/Content/NNEDTIM_ColorAlbedoNormal_Default.uexp" 93
"../../../Engine/Plugins/NNE/NNEDenoiser/Content/NNEDTIM_ColorAlbedoNormal_Alpha.uasset" 94
"../../../Engine/Plugins/NNE/NNEDenoiser/Content/NNEDTIM_ColorAlbedoNormal_Alpha.uexp" 95
"../../../Engine/Plugins/NNE/NNEDenoiser/Content/NNEDOM_Output_Default.uasset" 96
"../../../Engine/Plugins/NNE/NNEDenoiser/Content/NNEDOM_Output_Default.uexp" 97
"../../../Engine/Plugins/NNE/NNEDenoiser/Content/NNEDOM_Output_Alpha.uasset" 98
"../../../Engine/Plugins/NNE/NNEDenoiser/Content/NNEDOM_Output_Alpha.uexp" 99
"../../../Engine/Plugins/NNE/NNEDenoiser/Content/NNEDIM_HighQuality_Default.uasset" 100
"../../../Engine/Plugins/NNE/NNEDenoiser/Content/NNEDIM_HighQuality_Default.uexp" 101
"../../../Engine/Plugins/NNE/NNEDenoiser/Content/NNEDIM_HighQuality_Alpha.uasset" 102
"../../../Engine/Plugins/NNE/NNEDenoiser/Content/NNEDIM_HighQuality_Alpha.uexp" 103
"../../../Engine/Plugins/NNE/NNEDenoiser/Content/NNEDIM_ColorAlbedoNormal_Default.uasset" 104
"../../../Engine/Plugins/NNE/NNEDenoiser/Content/NNEDIM_ColorAlbedoNormal_Default.uexp" 105
"../../../Engine/Plugins/NNE/NNEDenoiser/Content/NNEDIM_ColorAlbedoNormal_Alpha.uasset" 106
"../../../Engine/Plugins/NNE/NNEDenoiser/Content/NNEDIM_ColorAlbedoNormal_Alpha.uexp" 107
"../../../Engine/Content/EngineMaterials/T_Default_Material_Grid_M.ubulk" 108
"../../../Engine/Content/EngineMaterials/T_Default_Material_Grid_M.uasset" 109
"../../../Engine/Content/EngineMaterials/T_Default_Material_Grid_M.uexp" 110
"../../../Engine/Content/Functions/Engine_MaterialFunctions01/Opacity/CameraDepthFade.uasset" 111
"../../../Engine/Content/Functions/Engine_MaterialFunctions01/Opacity/CameraDepthFade.uexp" 112
"../../../Engine/Content/EngineMaterials/T_Default_Material_Grid_N.ubulk" 113
"../../../Engine/Content/EngineMaterials/T_Default_Material_Grid_N.uasset" 114
"../../../Engine/Content/EngineMaterials/T_Default_Material_Grid_N.uexp" 115
"../../../Engine/Content/EngineMaterials/WorldGridMaterial.uasset" 116
"../../../Engine/Content/EngineMaterials/WorldGridMaterial.uexp" 117
"../../../Engine/Plugins/Media/MediaPlate/Content/SM_MediaPlateScreen.ubulk" 118
"../../../Engine/Plugins/Media/MediaPlate/Content/SM_MediaPlateScreen.uasset" 119
"../../../Engine/Plugins/Media/MediaPlate/Content/SM_MediaPlateScreen.uexp" 120
"../../../Engine/Content/Functions/Engine_MaterialFunctions02/WorldPositionOffset/CameraOffset.uasset" 121
"../../../Engine/Content/Functions/Engine_MaterialFunctions02/WorldPositionOffset/CameraOffset.uexp" 122
"../../../Engine/Plugins/Animation/ControlRig/Content/M_Manip.uasset" 123
"../../../Engine/Plugins/Animation/ControlRig/Content/M_Manip.uexp" 124
"../../../Engine/Content/Animation/DefaultRecorderBoneCompression.uasset" 125
"../../../Engine/Content/Animation/DefaultRecorderBoneCompression.uexp" 126
"../../../Engine/Content/EngineMaterials/DefaultMaterial.uasset" 127
"../../../Engine/Content/EngineMaterials/DefaultMaterial.uexp" 128
"../../../Engine/Content/BasicShapes/Cone.ubulk" 129
"../../../Engine/Content/BasicShapes/Cone.uasset" 130
"../../../Engine/Content/BasicShapes/Cone.uexp" 131
"../../../Engine/Content/EditorMaterials/PreviewShadowIndicator.ubulk" 132
"../../../Engine/Content/EditorMaterials/PreviewShadowIndicator.uasset" 133
"../../../Engine/Content/EditorMaterials/PreviewShadowIndicator.uexp" 134
"../../../Engine/Content/EditorMaterials/PreviewShadowIndicatorMaterial.uasset" 135
"../../../Engine/Content/EditorMaterials/PreviewShadowIndicatorMaterial.uexp" 136
"../../../Engine/Content/EditorMaterials/PhAT_UnselectedMaterial.uasset" 137
"../../../Engine/Content/EditorMaterials/PhAT_UnselectedMaterial.uexp" 138
"../../../Engine/Content/EditorMaterials/PhAT_NoCollisionMaterial.uasset" 139
"../../../Engine/Content/EditorMaterials/PhAT_NoCollisionMaterial.uexp" 140
"../../../Engine/Content/EditorLandscapeResources/WhiteSquareTexture.uasset" 141
"../../../Engine/Content/EditorLandscapeResources/WhiteSquareTexture.uexp" 142
"../../../Engine/Content/EditorLandscapeResources/DefaultAlphaTexture.uasset" 143
"../../../Engine/Content/EditorLandscapeResources/DefaultAlphaTexture.uexp" 144
"../../../Engine/Content/Functions/Engine_MaterialFunctions03/Math/WithinRangeFloat2.uasset" 145
"../../../Engine/Content/Functions/Engine_MaterialFunctions03/Math/WithinRangeFloat2.uexp" 146
"../../../Engine/Content/EditorLandscapeResources/SelectBrushMaterial.uasset" 147
"../../../Engine/Content/EditorLandscapeResources/SelectBrushMaterial.uexp" 148
"../../../Engine/Content/EditorLandscapeResources/SelectBrushMaterial_SelectedRegion.uasset" 149
"../../../Engine/Content/EditorLandscapeResources/SelectBrushMaterial_SelectedRegion.uexp" 150
"../../../Engine/Content/EditorLandscapeResources/SelectBrushMaterial_Selected.uasset" 151
"../../../Engine/Content/EditorLandscapeResources/SelectBrushMaterial_Selected.uexp" 152
"../../../Engine/Content/Functions/Engine_MaterialFunctions02/Utility/MakeFloat3.uasset" 153
"../../../Engine/Content/Functions/Engine_MaterialFunctions02/Utility/MakeFloat3.uexp" 154
"../../../Engine/Content/EditorLandscapeResources/MaskBrushMaterial.uasset" 155
"../../../Engine/Content/EditorLandscapeResources/MaskBrushMaterial.uexp" 156
"../../../Engine/Content/EditorLandscapeResources/MaskBrushMaterial_MaskedRegion.uasset" 157
"../../../Engine/Content/EditorLandscapeResources/MaskBrushMaterial_MaskedRegion.uexp" 158
"../../../Engine/Content/EditorLandscapeResources/LayerVisMaterial.uasset" 159
"../../../Engine/Content/EditorLandscapeResources/LayerVisMaterial.uexp" 160
"../../../Engine/Content/Functions/Engine_MaterialFunctions02/Utility/BreakOutFloat2Components.uasset" 161
"../../../Engine/Content/Functions/Engine_MaterialFunctions02/Utility/BreakOutFloat2Components.uexp" 162
"../../../Engine/Content/Functions/Engine_MaterialFunctions01/Texturing/ScaleUVsByCenter.uasset" 163
"../../../Engine/Content/Functions/Engine_MaterialFunctions01/Texturing/ScaleUVsByCenter.uexp" 164
"../../../Engine/Content/Functions/Engine_MaterialFunctions02/WorldPositionOffset/LocalPosition.uasset" 165
"../../../Engine/Content/Functions/Engine_MaterialFunctions02/WorldPositionOffset/LocalPosition.uexp" 166
"../../../Engine/Content/EngineMaterials/DefaultDiffuse.ubulk" 167
"../../../Engine/Content/EngineMaterials/DefaultDiffuse.uasset" 168
"../../../Engine/Content/EngineMaterials/DefaultDiffuse.uexp" 169
"../../../Engine/Content/Functions/Engine_MaterialFunctions01/Texturing/TextureCropping.uasset" 170
"../../../Engine/Content/Functions/Engine_MaterialFunctions01/Texturing/TextureCropping.uexp" 171
"../../../Engine/Content/Functions/Engine_MaterialFunctions02/ExampleContent/DebugNumberStrip.uasset" 172
"../../../Engine/Content/Functions/Engine_MaterialFunctions02/ExampleContent/DebugNumberStrip.uexp" 173
"../../../Engine/Content/Functions/Engine_MaterialFunctions01/Debug/DebugIntValues.uasset" 174
"../../../Engine/Content/Functions/Engine_MaterialFunctions01/Debug/DebugIntValues.uexp" 175
"../../../Engine/Content/EditorLandscapeResources/LandscapeLayerUsageMaterial.uasset" 176
"../../../Engine/Content/EditorLandscapeResources/LandscapeLayerUsageMaterial.uexp" 177
"../../../Engine/Content/EditorLandscapeResources/LandscapeDirtyMaterial.uasset" 178
"../../../Engine/Content/EditorLandscapeResources/LandscapeDirtyMaterial.uexp" 179
"../../../Engine/Content/EditorLandscapeResources/ColorMaskBrushMaterial.uasset" 180
"../../../Engine/Content/EditorLandscapeResources/ColorMaskBrushMaterial.uexp" 181
"../../../Engine/Content/EditorLandscapeResources/ColorMaskBrushMaterial_MaskedRegion.uasset" 182
"../../../Engine/Content/EditorLandscapeResources/ColorMaskBrushMaterial_MaskedRegion.uexp" 183
"../../../Engine/Content/EngineSounds/Master.uasset" 184
"../../../Engine/Content/EngineSounds/Master.uexp" 185
"../../../Engine/Content/EngineResources/LandscapeVisibilityLayerInfo.uasset" 186
"../../../Engine/Content/EngineResources/LandscapeVisibilityLayerInfo.uexp" 187
"../../../Engine/Content/EngineResources/WhiteSquareTexture.uasset" 188
"../../../Engine/Content/EngineResources/WhiteSquareTexture.uexp" 189
"../../../Engine/Content/EngineMaterials/Widget3DPassThrough.uasset" 190
"../../../Engine/Content/EngineMaterials/Widget3DPassThrough.uexp" 191
"../../../Engine/Content/EngineMaterials/Widget3DPassThrough_Translucent.uasset" 192
"../../../Engine/Content/EngineMaterials/Widget3DPassThrough_Translucent.uexp" 193
"../../../Engine/Content/EngineMaterials/Widget3DPassThrough_Translucent_OneSided.uasset" 194
"../../../Engine/Content/EngineMaterials/Widget3DPassThrough_Translucent_OneSided.uexp" 195
"../../../Engine/Content/EngineMaterials/Widget3DPassThrough_Opaque.uasset" 196
"../../../Engine/Content/EngineMaterials/Widget3DPassThrough_Opaque.uexp" 197
"../../../Engine/Content/EngineMaterials/Widget3DPassThrough_Opaque_OneSided.uasset" 198
"../../../Engine/Content/EngineMaterials/Widget3DPassThrough_Opaque_OneSided.uexp" 199
"../../../Engine/Content/EngineMaterials/Widget3DPassThrough_Masked_OneSided.uasset" 200
"../../../Engine/Content/EngineMaterials/Widget3DPassThrough_Masked_OneSided.uexp" 201
"../../../Engine/Content/EngineMaterials/Widget3DPassThrough_Masked.uasset" 202
"../../../Engine/Content/EngineMaterials/Widget3DPassThrough_Masked.uexp" 203
"../../../Engine/Content/EngineMaterials/WeightMapPlaceholderTexture.uasset" 204
"../../../Engine/Content/EngineMaterials/WeightMapPlaceholderTexture.uexp" 205
"../../../Engine/Content/EngineMaterials/WeightMapArrayPlaceholderTexture.uasset" 206
"../../../Engine/Content/EngineMaterials/WeightMapArrayPlaceholderTexture.uexp" 207
"../../../Engine/Content/EngineMaterials/RemoveSurfaceMaterial.uasset" 208
"../../../Engine/Content/EngineMaterials/RemoveSurfaceMaterial.uexp" 209
"../../../Engine/Content/EngineMaterials/PreintegratedSkinBRDF.uasset" 210
"../../../Engine/Content/EngineMaterials/PreintegratedSkinBRDF.uexp" 211
"../../../Engine/Content/EngineMaterials/DefaultCalibrationGrayscale.uasset" 212
"../../../Engine/Content/EngineMaterials/DefaultCalibrationGrayscale.uexp" 213
"../../../Engine/Content/EngineMaterials/PPM_DefaultCalibrationGrayscale.uasset" 214
"../../../Engine/Content/EngineMaterials/PPM_DefaultCalibrationGrayscale.uexp" 215
"../../../Engine/Content/EngineMaterials/DefaultCalibrationColor.uasset" 216
"../../../Engine/Content/EngineMaterials/DefaultCalibrationColor.uexp" 217
"../../../Engine/Content/EngineMaterials/PPM_DefaultCalibrationColor.uasset" 218
"../../../Engine/Content/EngineMaterials/PPM_DefaultCalibrationColor.uexp" 219
"../../../Engine/Content/EngineMaterials/PhAT_JointLimitMaterial.uasset" 220
"../../../Engine/Content/EngineMaterials/PhAT_JointLimitMaterial.uexp" 221
"../../../Engine/Content/EngineMaterials/NaniteHiddenSectionMaterial.uasset" 222
"../../../Engine/Content/EngineMaterials/NaniteHiddenSectionMaterial.uexp" 223
"../../../Engine/Content/EngineMaterials/InvalidLightmapSettings.ubulk" 224
"../../../Engine/Content/EngineMaterials/InvalidLightmapSettings.uasset" 225
"../../../Engine/Content/EngineMaterials/InvalidLightmapSettings.uexp" 226
"../../../Engine/Content/EngineMaterials/M_InvalidLightmapSettings.uasset" 227
"../../../Engine/Content/EngineMaterials/M_InvalidLightmapSettings.uexp" 228
"../../../Engine/Content/EngineMaterials/MiniFont.uasset" 229
"../../../Engine/Content/EngineMaterials/MiniFont.uexp" 230
"../../../Engine/Content/EngineMaterials/GizmoMaterial.uasset" 231
"../../../Engine/Content/EngineMaterials/GizmoMaterial.uexp" 232
"../../../Engine/Content/EngineMaterials/BaseFlattenDiffuseMap_VT.ubulk" 233
"../../../Engine/Content/EngineMaterials/BaseFlattenDiffuseMap_VT.uasset" 234
"../../../Engine/Content/EngineMaterials/BaseFlattenDiffuseMap_VT.uexp" 235
"../../../Engine/Content/EngineMaterials/BaseFlattenEmissiveMap_VT.ubulk" 236
"../../../Engine/Content/EngineMaterials/BaseFlattenEmissiveMap_VT.uasset" 237
"../../../Engine/Content/EngineMaterials/BaseFlattenEmissiveMap_VT.uexp" 238
"../../../Engine/Content/EngineMaterials/BaseFlattenGrayscaleMap_VT.ubulk" 239
"../../../Engine/Content/EngineMaterials/BaseFlattenGrayscaleMap_VT.uasset" 240
"../../../Engine/Content/EngineMaterials/BaseFlattenGrayscaleMap_VT.uexp" 241
"../../../Engine/Content/EngineMaterials/BaseFlattenLinearColor_VT.ubulk" 242
"../../../Engine/Content/EngineMaterials/BaseFlattenLinearColor_VT.uasset" 243
"../../../Engine/Content/EngineMaterials/BaseFlattenLinearColor_VT.uexp" 244
"../../../Engine/Content/EngineMaterials/BaseFlattenNormalMap_VT.ubulk" 245
"../../../Engine/Content/EngineMaterials/BaseFlattenNormalMap_VT.uasset" 246
"../../../Engine/Content/EngineMaterials/BaseFlattenNormalMap_VT.uexp" 247
"../../../Engine/Content/EngineMaterials/Black_1x1_EXR_Texture_VT.ubulk" 248
"../../../Engine/Content/EngineMaterials/Black_1x1_EXR_Texture_VT.uasset" 249
"../../../Engine/Content/EngineMaterials/Black_1x1_EXR_Texture_VT.uexp" 250
"../../../Engine/Content/EngineMaterials/FlattenMaterial_WS_Normal_VT.uasset" 251
"../../../Engine/Content/EngineMaterials/FlattenMaterial_WS_Normal_VT.uexp" 252
"../../../Engine/Content/EngineMaterials/FlattenMaterial_VT.uasset" 253
"../../../Engine/Content/EngineMaterials/FlattenMaterial_VT.uexp" 254
"../../../Engine/Content/EngineMaterials/BaseFlattenLinearColor.uasset" 255
"../../../Engine/Content/EngineMaterials/BaseFlattenLinearColor.uexp" 256
"../../../Engine/Content/EngineMaterials/BaseFlattenNormalMap.uasset" 257
"../../../Engine/Content/EngineMaterials/BaseFlattenNormalMap.uexp" 258
"../../../Engine/Content/EngineMaterials/BaseFlattenDiffuseMap.uasset" 259
"../../../Engine/Content/EngineMaterials/BaseFlattenDiffuseMap.uexp" 260
"../../../Engine/Content/EngineMaterials/BaseFlattenEmissiveMap.uasset" 261
"../../../Engine/Content/EngineMaterials/BaseFlattenEmissiveMap.uexp" 262
"../../../Engine/Content/EngineMaterials/BaseFlattenGrayscaleMap.uasset" 263
"../../../Engine/Content/EngineMaterials/BaseFlattenGrayscaleMap.uexp" 264
"../../../Engine/Content/Functions/Engine_MaterialFunctions02/PivotPainter2/Black_1x1_EXR_Texture.uasset" 265
"../../../Engine/Content/Functions/Engine_MaterialFunctions02/PivotPainter2/Black_1x1_EXR_Texture.uexp" 266
"../../../Engine/Content/EngineMaterials/FlattenMaterial.uasset" 267
"../../../Engine/Content/EngineMaterials/FlattenMaterial.uexp" 268
"../../../Engine/Content/EngineMaterials/FastBlueNoise_vec2_128x128x64.uasset" 269
"../../../Engine/Content/EngineMaterials/FastBlueNoise_vec2_128x128x64.uexp" 270
"../../../Engine/Content/EngineMaterials/FastBlueNoise_scalar_128x128x8.uasset" 271
"../../../Engine/Content/EngineMaterials/FastBlueNoise_scalar_128x128x8.uexp" 272
"../../../Engine/Content/EngineMaterials/FastBlueNoise_scalar_128x128x64.uasset" 273
"../../../Engine/Content/EngineMaterials/FastBlueNoise_scalar_128x128x64.uexp" 274
"../../../Engine/Content/EngineMaterials/DefaultWhiteGrid_Low.uasset" 275
"../../../Engine/Content/EngineMaterials/DefaultWhiteGrid_Low.uexp" 276
"../../../Engine/Content/EngineMaterials/EmissiveMeshMaterial.uasset" 277
"../../../Engine/Content/EngineMaterials/EmissiveMeshMaterial.uexp" 278
"../../../Engine/Content/EngineMaterials/DefaultWhiteGrid.ubulk" 279
"../../../Engine/Content/EngineMaterials/DefaultWhiteGrid.uasset" 280
"../../../Engine/Content/EngineMaterials/DefaultWhiteGrid.uexp" 281
"../../../Engine/Content/EngineFonts/RobotoDistanceField.uasset" 282
"../../../Engine/Content/EngineFonts/RobotoDistanceField.uexp" 283
"../../../Engine/Content/EngineMaterials/DefaultTextMaterialOpaque.uasset" 284
"../../../Engine/Content/EngineMaterials/DefaultTextMaterialOpaque.uexp" 285
"../../../Engine/Content/EngineMaterials/DefaultPostProcessMaterial.uasset" 286
"../../../Engine/Content/EngineMaterials/DefaultPostProcessMaterial.uexp" 287
"../../../Engine/Content/EngineMaterials/DefaultLightFunctionMaterial.uasset" 288
"../../../Engine/Content/EngineMaterials/DefaultLightFunctionMaterial.uexp" 289
"../../../Engine/Content/EngineMaterials/DefaultDestructiblePhysicalMaterial.uasset" 290
"../../../Engine/Content/EngineMaterials/DefaultDestructiblePhysicalMaterial.uexp" 291
"../../../Engine/Content/EngineMaterials/DefaultDeferredDecalMaterial.uasset" 292
"../../../Engine/Content/EngineMaterials/DefaultDeferredDecalMaterial.uexp" 293
"../../../Engine/Content/EngineMaterials/DefaultBokeh.uasset" 294
"../../../Engine/Content/EngineMaterials/DefaultBokeh.uexp" 295
"../../../Engine/Content/EngineMaterials/DefaultBloomKernel.uasset" 296
"../../../Engine/Content/EngineMaterials/DefaultBloomKernel.uexp" 297
"../../../Engine/Content/EngineFonts/Faces/DroidSansFallback.uexp" 298
"../../../Engine/Content/EngineFonts/Faces/DroidSansFallback.uasset" 299
"../../../Engine/Content/EngineFonts/Faces/DroidSansFallback.ufont" 300
"../../../Engine/Content/EngineFonts/Faces/RobotoRegular.uexp" 301
"../../../Engine/Content/EngineFonts/Faces/RobotoRegular.uasset" 302
"../../../Engine/Content/EngineFonts/Faces/RobotoRegular.ufont" 303
"../../../Engine/Content/EngineFonts/Faces/RobotoLight.uexp" 304
"../../../Engine/Content/EngineFonts/Faces/RobotoLight.uasset" 305
"../../../Engine/Content/EngineFonts/Faces/RobotoLight.ufont" 306
"../../../Engine/Content/EngineFonts/Faces/RobotoItalic.uexp" 307
"../../../Engine/Content/EngineFonts/Faces/RobotoItalic.uasset" 308
"../../../Engine/Content/EngineFonts/Faces/RobotoItalic.ufont" 309
"../../../Engine/Content/EngineFonts/Faces/RobotoBoldItalic.uexp" 310
"../../../Engine/Content/EngineFonts/Faces/RobotoBoldItalic.uasset" 311
"../../../Engine/Content/EngineFonts/Faces/RobotoBoldItalic.ufont" 312
"../../../Engine/Content/EngineFonts/Faces/RobotoBold.uexp" 313
"../../../Engine/Content/EngineFonts/Faces/RobotoBold.uasset" 314
"../../../Engine/Content/EngineFonts/Faces/RobotoBold.ufont" 315
"../../../Engine/Content/EngineFonts/Roboto.uasset" 316
"../../../Engine/Content/EngineFonts/Roboto.uexp" 317
"../../../Engine/Content/EngineFonts/Faces/DroidSansMono.uexp" 318
"../../../Engine/Content/EngineFonts/Faces/DroidSansMono.uasset" 319
"../../../Engine/Content/EngineFonts/Faces/DroidSansMono.ufont" 320
"../../../Engine/Content/EngineFonts/DroidSansMono.uasset" 321
"../../../Engine/Content/EngineFonts/DroidSansMono.uexp" 322
"../../../Engine/Content/Functions/Engine_MaterialFunctions02/Utility/CameraDirectionVector.uasset" 323
"../../../Engine/Content/Functions/Engine_MaterialFunctions02/Utility/CameraDirectionVector.uexp" 324
"../../../Engine/Content/EngineDebugMaterials/VolumeToRender.uasset" 325
"../../../Engine/Content/EngineDebugMaterials/VolumeToRender.uexp" 326
"../../../Engine/Content/EngineDebugMaterials/M_VolumeRenderSphereTracePP.uasset" 327
"../../../Engine/Content/EngineDebugMaterials/M_VolumeRenderSphereTracePP.uexp" 328
"../../../Engine/Content/EngineDebugMaterials/M_SimpleUnlitTranslucent.uasset" 329
"../../../Engine/Content/EngineDebugMaterials/M_SimpleUnlitTranslucent.uexp" 330
"../../../Engine/Content/EngineDebugMaterials/DebugMeshMaterial.uasset" 331
"../../../Engine/Content/EngineDebugMaterials/DebugMeshMaterial.uexp" 332
"../../../Engine/Content/EngineDebugMaterials/DebugEditorMaterial.uasset" 333
"../../../Engine/Content/EngineDebugMaterials/DebugEditorMaterial.uexp" 334
"../../../Engine/Content/EngineDamageTypes/DmgTypeBP_Environmental.uasset" 335
"../../../Engine/Content/EngineDamageTypes/DmgTypeBP_Environmental.uexp" 336
"../../../Engine/Content/EditorResources/BSPVertex.uasset" 337
"../../../Engine/Content/EditorResources/BSPVertex.uexp" 338
"../../../Engine/Plugins/VirtualProduction/CameraCalibrationCore/Content/Materials/M_DefaultOddSquare.uasset" 339
"../../../Engine/Plugins/VirtualProduction/CameraCalibrationCore/Content/Materials/M_DefaultOddSquare.uexp" 340
"../../../Engine/Plugins/VirtualProduction/CameraCalibrationCore/Content/Materials/M_DefaultEvenSquare.uasset" 341
"../../../Engine/Plugins/VirtualProduction/CameraCalibrationCore/Content/Materials/M_DefaultEvenSquare.uexp" 342
"../../../Engine/Plugins/Runtime/HairStrands/Content/Materials/HairMeshesDefaultMaterial.uasset" 343
"../../../Engine/Plugins/Runtime/HairStrands/Content/Materials/HairMeshesDefaultMaterial.uexp" 344
"../../../Engine/Plugins/Runtime/HairStrands/Content/Materials/HairDefaultMaterial.uasset" 345
"../../../Engine/Plugins/Runtime/HairStrands/Content/Materials/HairDefaultMaterial.uexp" 346
"../../../Engine/Content/Functions/Engine_MaterialFunctions02/Utility/MakeFloat2.uasset" 347
"../../../Engine/Content/Functions/Engine_MaterialFunctions02/Utility/MakeFloat2.uexp" 348
"../../../Engine/Plugins/Runtime/HairStrands/Content/Materials/HairGroupColors.uasset" 349
"../../../Engine/Plugins/Runtime/HairStrands/Content/Materials/HairGroupColors.uexp" 350
"../../../Engine/Content/EngineMaterials/HairColorMap.uasset" 351
"../../../Engine/Content/EngineMaterials/HairColorMap.uexp" 352
"../../../Engine/Content/EngineMaterials/HairDebugColor.uasset" 353
"../../../Engine/Content/EngineMaterials/HairDebugColor.uexp" 354
"../../../Engine/Plugins/Runtime/HairStrands/Content/Materials/HairDebugMaterial.uasset" 355
"../../../Engine/Plugins/Runtime/HairStrands/Content/Materials/HairDebugMaterial.uexp" 356
"../../../Engine/Plugins/Runtime/HairStrands/Content/Materials/HairCardsDefaultMaterial.uasset" 357
"../../../Engine/Plugins/Runtime/HairStrands/Content/Materials/HairCardsDefaultMaterial.uexp" 358
"../../../Engine/Plugins/Runtime/AudioWidgets/Content/Resources/ScrubHandleDown_Clamped.uasset" 359
"../../../Engine/Plugins/Runtime/AudioWidgets/Content/Resources/ScrubHandleDown_Clamped.uexp" 360
"../../../Engine/Plugins/Interchange/Runtime/Content/Pipelines/DefaultTexturePipeline.uasset" 361
"../../../Engine/Plugins/Interchange/Runtime/Content/Pipelines/DefaultTexturePipeline.uexp" 362
"../../../Engine/Plugins/Interchange/Runtime/Content/Pipelines/DefaultSceneLevelPipeline.uasset" 363
"../../../Engine/Plugins/Interchange/Runtime/Content/Pipelines/DefaultSceneLevelPipeline.uexp" 364
"../../../Engine/Plugins/Interchange/Runtime/Content/Pipelines/DefaultSceneAssetsPipeline.uasset" 365
"../../../Engine/Plugins/Interchange/Runtime/Content/Pipelines/DefaultSceneAssetsPipeline.uexp" 366
"../../../Engine/Plugins/Interchange/Runtime/Content/Pipelines/DefaultMaterialXPipeline.uasset" 367
"../../../Engine/Plugins/Interchange/Runtime/Content/Pipelines/DefaultMaterialXPipeline.uexp" 368
"../../../Engine/Plugins/Interchange/Runtime/Content/Pipelines/DefaultMaterialPipeline.uasset" 369
"../../../Engine/Plugins/Interchange/Runtime/Content/Pipelines/DefaultMaterialPipeline.uexp" 370
"../../../Engine/Plugins/Interchange/Runtime/Content/Pipelines/DefaultGLTFSceneAssetsPipeline.uasset" 371
"../../../Engine/Plugins/Interchange/Runtime/Content/Pipelines/DefaultGLTFSceneAssetsPipeline.uexp" 372
"../../../Engine/Plugins/Interchange/Runtime/Content/Pipelines/DefaultGLTFPipeline.uasset" 373
"../../../Engine/Plugins/Interchange/Runtime/Content/Pipelines/DefaultGLTFPipeline.uexp" 374
"../../../Engine/Plugins/Interchange/Runtime/Content/Pipelines/DefaultGLTFAssetsPipeline.uasset" 375
"../../../Engine/Plugins/Interchange/Runtime/Content/Pipelines/DefaultGLTFAssetsPipeline.uexp" 376
"../../../Engine/Plugins/Interchange/Runtime/Content/Pipelines/DefaultAssetsPipeline.uasset" 377
"../../../Engine/Plugins/Interchange/Runtime/Content/Pipelines/DefaultAssetsPipeline.uexp" 378
"../../../Engine/Plugins/Interchange/Assets/Content/Functions/MX_UsdPreviewSurface.uasset" 379
"../../../Engine/Plugins/Interchange/Assets/Content/Functions/MX_UsdPreviewSurface.uexp" 380
"../../../Engine/Plugins/Interchange/Assets/Content/Functions/MX_UniformEDF.uasset" 381
"../../../Engine/Plugins/Interchange/Assets/Content/Functions/MX_UniformEDF.uexp" 382
"../../../Engine/Plugins/Interchange/Assets/Content/Functions/MX_TranslucentBSDF.uasset" 383
"../../../Engine/Plugins/Interchange/Assets/Content/Functions/MX_TranslucentBSDF.uexp" 384
"../../../Engine/Plugins/Interchange/Assets/Content/Functions/MX_ThinFilmBSDF.uasset" 385
"../../../Engine/Plugins/Interchange/Assets/Content/Functions/MX_ThinFilmBSDF.uexp" 386
"../../../Engine/Plugins/Interchange/Assets/Content/Functions/MX_SurfaceUnlit.uasset" 387
"../../../Engine/Plugins/Interchange/Assets/Content/Functions/MX_SurfaceUnlit.uexp" 388
"../../../Engine/Plugins/Interchange/Assets/Content/Functions/MX_Surface.uasset" 389
"../../../Engine/Plugins/Interchange/Assets/Content/Functions/MX_Surface.uexp" 390
"../../../Engine/Plugins/Interchange/Assets/Content/Functions/MX_SubsurfaceBSDF.uasset" 391
"../../../Engine/Plugins/Interchange/Assets/Content/Functions/MX_SubsurfaceBSDF.uexp" 392
"../../../Engine/Plugins/Interchange/Assets/Content/Functions/MX_SheenBSDF.uasset" 393
"../../../Engine/Plugins/Interchange/Assets/Content/Functions/MX_SheenBSDF.uexp" 394
"../../../Engine/Plugins/Interchange/Assets/Content/Functions/MX_OrenNayarBSDF.uasset" 395
"../../../Engine/Plugins/Interchange/Assets/Content/Functions/MX_OrenNayarBSDF.uexp" 396
"../../../Engine/Plugins/Interchange/Assets/Content/Functions/MF_IridescenceNoLUT.uasset" 397
"../../../Engine/Plugins/Interchange/Assets/Content/Functions/MF_IridescenceNoLUT.uexp" 398
"../../../Engine/Plugins/Interchange/Assets/Content/Functions/MX_StandardSurface.uasset" 399
"../../../Engine/Plugins/Interchange/Assets/Content/Functions/MX_StandardSurface.uexp" 400
"../../../Engine/Plugins/Interchange/Assets/Content/Functions/MX_TransmissionSurface.uasset" 401
"../../../Engine/Plugins/Interchange/Assets/Content/Functions/MX_TransmissionSurface.uexp" 402
"../../../Engine/Plugins/Interchange/Assets/Content/Functions/MX_OpenPBR_Translucent.uasset" 403
"../../../Engine/Plugins/Interchange/Assets/Content/Functions/MX_OpenPBR_Translucent.uexp" 404
"../../../Engine/Plugins/Interchange/Assets/Content/Functions/MX_OpenPBR_Opaque.uasset" 405
"../../../Engine/Plugins/Interchange/Assets/Content/Functions/MX_OpenPBR_Opaque.uexp" 406
"../../../Engine/Plugins/Interchange/Assets/Content/Functions/MX_MeasuredEDF.uasset" 407
"../../../Engine/Plugins/Interchange/Assets/Content/Functions/MX_MeasuredEDF.uexp" 408
"../../../Engine/Plugins/Interchange/Assets/Content/Functions/MX_GeneralizedSchlickBSDF.uasset" 409
"../../../Engine/Plugins/Interchange/Assets/Content/Functions/MX_GeneralizedSchlickBSDF.uexp" 410
"../../../Engine/Plugins/Interchange/Assets/Content/Functions/MX_Displacement.uasset" 411
"../../../Engine/Plugins/Interchange/Assets/Content/Functions/MX_Displacement.uexp" 412
"../../../Engine/Plugins/Interchange/Assets/Content/Functions/MX_DielectricBSDF.uasset" 413
"../../../Engine/Plugins/Interchange/Assets/Content/Functions/MX_DielectricBSDF.uexp" 414
"../../../Engine/Plugins/Interchange/Assets/Content/Functions/MX_ConicalEDF.uasset" 415
"../../../Engine/Plugins/Interchange/Assets/Content/Functions/MX_ConicalEDF.uexp" 416
"../../../Engine/Plugins/Interchange/Assets/Content/Functions/MX_ConductorBSDF.uasset" 417
"../../../Engine/Plugins/Interchange/Assets/Content/Functions/MX_ConductorBSDF.uexp" 418
"../../../Engine/Plugins/Interchange/Assets/Content/Functions/MX_BurleyDiffuseBSDF.uasset" 419
"../../../Engine/Plugins/Interchange/Assets/Content/Functions/MX_BurleyDiffuseBSDF.uexp" 420
"../../../Engine/Plugins/Interchange/Assets/Content/Functions/MX_AnisotropicVDF.uasset" 421
"../../../Engine/Plugins/Interchange/Assets/Content/Functions/MX_AnisotropicVDF.uexp" 422
"../../../Engine/Plugins/Interchange/Assets/Content/Functions/MX_AbsorptionVDF.uasset" 423
"../../../Engine/Plugins/Interchange/Assets/Content/Functions/MX_AbsorptionVDF.uexp" 424
"../../../Engine/Content/Functions/Engine_MaterialFunctions02/Utility/VectorLength.uasset" 425
"../../../Engine/Content/Functions/Engine_MaterialFunctions02/Utility/VectorLength.uexp" 426
"../../../Engine/Content/Functions/Engine_MaterialFunctions02/Utility/BreakOutFloat3Components.uasset" 427
"../../../Engine/Content/Functions/Engine_MaterialFunctions02/Utility/BreakOutFloat3Components.uexp" 428
"../../../Engine/Content/Functions/Engine_MaterialFunctions02/WorldPositionOffset/ObjectScale.uasset" 429
"../../../Engine/Content/Functions/Engine_MaterialFunctions02/WorldPositionOffset/ObjectScale.uexp" 430
"../../../Engine/Content/Functions/Engine_MaterialFunctions02/SafeNormalize.uasset" 431
"../../../Engine/Content/Functions/Engine_MaterialFunctions02/SafeNormalize.uexp" 432
"../../../Engine/Plugins/Editor/SpeedTreeImporter/Content/SpeedTree9/UnpackInteger3.uasset" 433
"../../../Engine/Plugins/Editor/SpeedTreeImporter/Content/SpeedTree9/UnpackInteger3.uexp" 434
"../../../Engine/Plugins/Editor/SpeedTreeImporter/Content/SpeedTree9/UnpackDirection.uasset" 435
"../../../Engine/Plugins/Editor/SpeedTreeImporter/Content/SpeedTree9/UnpackDirection.uexp" 436
"../../../Engine/Plugins/Editor/SpeedTreeImporter/Content/SpeedTree9/game_wind_noise.ubulk" 437
"../../../Engine/Plugins/Editor/SpeedTreeImporter/Content/SpeedTree9/game_wind_noise.uasset" 438
"../../../Engine/Plugins/Editor/SpeedTreeImporter/Content/SpeedTree9/game_wind_noise.uexp" 439
"../../../Engine/Plugins/Editor/SpeedTreeImporter/Content/SpeedTree9/SpeedTreeWindMotion.uasset" 440
"../../../Engine/Plugins/Editor/SpeedTreeImporter/Content/SpeedTree9/SpeedTreeWindMotion.uexp" 441
"../../../Engine/Plugins/Editor/SpeedTreeImporter/Content/SpeedTree9/SpeedTreeBranchMotion.uasset" 442
"../../../Engine/Plugins/Editor/SpeedTreeImporter/Content/SpeedTree9/SpeedTreeBranchMotion.uexp" 443
"../../../Engine/Content/Functions/Engine_MaterialFunctions02/ObjectLocalBounds.uasset" 444
"../../../Engine/Content/Functions/Engine_MaterialFunctions02/ObjectLocalBounds.uexp" 445
"../../../Engine/Content/Functions/Engine_MaterialFunctions02/UVs/BoundingBoxBased_0-1_UVW.uasset" 446
"../../../Engine/Content/Functions/Engine_MaterialFunctions02/UVs/BoundingBoxBased_0-1_UVW.uexp" 447
"../../../Engine/Plugins/Editor/SpeedTreeImporter/Content/SpeedTree9/SpeedTreeWind.uasset" 448
"../../../Engine/Plugins/Editor/SpeedTreeImporter/Content/SpeedTree9/SpeedTreeWind.uexp" 449
"../../../Engine/Plugins/Editor/SpeedTreeImporter/Content/SpeedTree9/SpeedTreeCameraFacing.uasset" 450
"../../../Engine/Plugins/Editor/SpeedTreeImporter/Content/SpeedTree9/SpeedTreeCameraFacing.uexp" 451
"../../../Engine/Plugins/Editor/SpeedTreeImporter/Content/SpeedTree9/EmptyNormal.uasset" 452
"../../../Engine/Plugins/Editor/SpeedTreeImporter/Content/SpeedTree9/EmptyNormal.uexp" 453
"../../../Engine/Plugins/Editor/SpeedTreeImporter/Content/SpeedTree9/Empty.uasset" 454
"../../../Engine/Plugins/Editor/SpeedTreeImporter/Content/SpeedTree9/Empty.uexp" 455
"../../../Engine/Plugins/Editor/SpeedTreeImporter/Content/SpeedTree9/SpeedTreeMaster.uasset" 456
"../../../Engine/Plugins/Editor/SpeedTreeImporter/Content/SpeedTree9/SpeedTreeMaster.uexp" 457
"../../../Engine/Plugins/Editor/SpeedTreeImporter/Content/SpeedTree9/SpeedTreeBillboard.uasset" 458
"../../../Engine/Plugins/Editor/SpeedTreeImporter/Content/SpeedTree9/SpeedTreeBillboard.uexp" 459
"../../../Engine/Plugins/Editor/SpeedTreeImporter/Content/SpeedTree9/SpeedTreeBillboardMaster.uasset" 460
"../../../Engine/Plugins/Editor/SpeedTreeImporter/Content/SpeedTree9/SpeedTreeBillboardMaster.uexp" 461
"../../../Engine/Plugins/Animation/ControlRig/Content/Controls/ControlRig_Wedge_solid.ubulk" 462
"../../../Engine/Plugins/Animation/ControlRig/Content/Controls/ControlRig_Wedge_solid.uasset" 463
"../../../Engine/Plugins/Animation/ControlRig/Content/Controls/ControlRig_Wedge_solid.uexp" 464
"../../../Engine/Plugins/Animation/ControlRig/Content/Controls/ControlRig_Wedge_3mm.ubulk" 465
"../../../Engine/Plugins/Animation/ControlRig/Content/Controls/ControlRig_Wedge_3mm.uasset" 466
"../../../Engine/Plugins/Animation/ControlRig/Content/Controls/ControlRig_Wedge_3mm.uexp" 467
"../../../Engine/Plugins/Animation/ControlRig/Content/Controls/ControlRig_Wedge_1mm.ubulk" 468
"../../../Engine/Plugins/Animation/ControlRig/Content/Controls/ControlRig_Wedge_1mm.uasset" 469
"../../../Engine/Plugins/Animation/ControlRig/Content/Controls/ControlRig_Wedge_1mm.uexp" 470
"../../../Engine/Plugins/Animation/ControlRig/Content/Controls/ControlRig_Triangle_solid.ubulk" 471
"../../../Engine/Plugins/Animation/ControlRig/Content/Controls/ControlRig_Triangle_solid.uasset" 472
"../../../Engine/Plugins/Animation/ControlRig/Content/Controls/ControlRig_Triangle_solid.uexp" 473
"../../../Engine/Plugins/Animation/ControlRig/Content/Controls/ControlRig_Triangle_3mm.ubulk" 474
"../../../Engine/Plugins/Animation/ControlRig/Content/Controls/ControlRig_Triangle_3mm.uasset" 475
"../../../Engine/Plugins/Animation/ControlRig/Content/Controls/ControlRig_Triangle_3mm.uexp" 476
"../../../Engine/Plugins/Animation/ControlRig/Content/Controls/ControlRig_Triangle_1mm.ubulk" 477
"../../../Engine/Plugins/Animation/ControlRig/Content/Controls/ControlRig_Triangle_1mm.uasset" 478
"../../../Engine/Plugins/Animation/ControlRig/Content/Controls/ControlRig_Triangle_1mm.uexp" 479
"../../../Engine/Plugins/Animation/ControlRig/Content/Controls/ControlRig_Star4_solid.ubulk" 480
"../../../Engine/Plugins/Animation/ControlRig/Content/Controls/ControlRig_Star4_solid.uasset" 481
"../../../Engine/Plugins/Animation/ControlRig/Content/Controls/ControlRig_Star4_solid.uexp" 482
"../../../Engine/Plugins/Animation/ControlRig/Content/Controls/ControlRig_Star4_3mm.ubulk" 483
"../../../Engine/Plugins/Animation/ControlRig/Content/Controls/ControlRig_Star4_3mm.uasset" 484
"../../../Engine/Plugins/Animation/ControlRig/Content/Controls/ControlRig_Star4_3mm.uexp" 485
"../../../Engine/Plugins/Animation/ControlRig/Content/Controls/ControlRig_Star4_1mm.ubulk" 486
"../../../Engine/Plugins/Animation/ControlRig/Content/Controls/ControlRig_Star4_1mm.uasset" 487
"../../../Engine/Plugins/Animation/ControlRig/Content/Controls/ControlRig_Star4_1mm.uexp" 488
"../../../Engine/Plugins/Animation/ControlRig/Content/Controls/ControlRig_Square_solid.ubulk" 489
"../../../Engine/Plugins/Animation/ControlRig/Content/Controls/ControlRig_Square_solid.uasset" 490
"../../../Engine/Plugins/Animation/ControlRig/Content/Controls/ControlRig_Square_solid.uexp" 491
"../../../Engine/Plugins/Animation/ControlRig/Content/Controls/ControlRig_Square_3mm.ubulk" 492
"../../../Engine/Plugins/Animation/ControlRig/Content/Controls/ControlRig_Square_3mm.uasset" 493
"../../../Engine/Plugins/Animation/ControlRig/Content/Controls/ControlRig_Square_3mm.uexp" 494
"../../../Engine/Plugins/Animation/ControlRig/Content/Controls/ControlRig_Square_1mm.ubulk" 495
"../../../Engine/Plugins/Animation/ControlRig/Content/Controls/ControlRig_Square_1mm.uasset" 496
"../../../Engine/Plugins/Animation/ControlRig/Content/Controls/ControlRig_Square_1mm.uexp" 497
"../../../Engine/Plugins/Animation/ControlRig/Content/Controls/ControlRig_Sphere_solid.ubulk" 498
"../../../Engine/Plugins/Animation/ControlRig/Content/Controls/ControlRig_Sphere_solid.uasset" 499
"../../../Engine/Plugins/Animation/ControlRig/Content/Controls/ControlRig_Sphere_solid.uexp" 500
"../../../Engine/Plugins/Animation/ControlRig/Content/Controls/ControlRig_Sphere_3mm.ubulk" 501
"../../../Engine/Plugins/Animation/ControlRig/Content/Controls/ControlRig_Sphere_3mm.uasset" 502
"../../../Engine/Plugins/Animation/ControlRig/Content/Controls/ControlRig_Sphere_3mm.uexp" 503
"../../../Engine/Plugins/Animation/ControlRig/Content/Controls/ControlRig_Sphere_1mm.ubulk" 504
"../../../Engine/Plugins/Animation/ControlRig/Content/Controls/ControlRig_Sphere_1mm.uasset" 505
"../../../Engine/Plugins/Animation/ControlRig/Content/Controls/ControlRig_Sphere_1mm.uexp" 506
"../../../Engine/Plugins/Animation/ControlRig/Content/Controls/ControlRig_RoundedTriangle_solid.ubulk" 507
"../../../Engine/Plugins/Animation/ControlRig/Content/Controls/ControlRig_RoundedTriangle_solid.uasset" 508
"../../../Engine/Plugins/Animation/ControlRig/Content/Controls/ControlRig_RoundedTriangle_solid.uexp" 509
"../../../Engine/Plugins/Animation/ControlRig/Content/Controls/ControlRig_RoundedTriangle_3mm.ubulk" 510
"../../../Engine/Plugins/Animation/ControlRig/Content/Controls/ControlRig_RoundedTriangle_3mm.uasset" 511
"../../../Engine/Plugins/Animation/ControlRig/Content/Controls/ControlRig_RoundedTriangle_3mm.uexp" 512
"../../../Engine/Plugins/Animation/ControlRig/Content/Controls/ControlRig_RoundedTriangle_1mm.ubulk" 513
"../../../Engine/Plugins/Animation/ControlRig/Content/Controls/ControlRig_RoundedTriangle_1mm.uasset" 514
"../../../Engine/Plugins/Animation/ControlRig/Content/Controls/ControlRig_RoundedTriangle_1mm.uexp" 515
"../../../Engine/Plugins/Animation/ControlRig/Content/Controls/ControlRig_RoundedSquare_solid.ubulk" 516
"../../../Engine/Plugins/Animation/ControlRig/Content/Controls/ControlRig_RoundedSquare_solid.uasset" 517
"../../../Engine/Plugins/Animation/ControlRig/Content/Controls/ControlRig_RoundedSquare_solid.uexp" 518
"../../../Engine/Plugins/Animation/ControlRig/Content/Controls/ControlRig_RoundedSquare_3mm.ubulk" 519
"../../../Engine/Plugins/Animation/ControlRig/Content/Controls/ControlRig_RoundedSquare_3mm.uasset" 520
"../../../Engine/Plugins/Animation/ControlRig/Content/Controls/ControlRig_RoundedSquare_3mm.uexp" 521
"../../../Engine/Plugins/Animation/ControlRig/Content/Controls/ControlRig_RoundedSquare_1mm.ubulk" 522
"../../../Engine/Plugins/Animation/ControlRig/Content/Controls/ControlRig_RoundedSquare_1mm.uasset" 523
"../../../Engine/Plugins/Animation/ControlRig/Content/Controls/ControlRig_RoundedSquare_1mm.uexp" 524
"../../../Engine/Plugins/Animation/ControlRig/Content/Controls/ControlRig_QuarterCircle_solid.ubulk" 525
"../../../Engine/Plugins/Animation/ControlRig/Content/Controls/ControlRig_QuarterCircle_solid.uasset" 526
"../../../Engine/Plugins/Animation/ControlRig/Content/Controls/ControlRig_QuarterCircle_solid.uexp" 527
"../../../Engine/Plugins/Animation/ControlRig/Content/Controls/ControlRig_QuarterCircle_3mm.ubulk" 528
"../../../Engine/Plugins/Animation/ControlRig/Content/Controls/ControlRig_QuarterCircle_3mm.uasset" 529
"../../../Engine/Plugins/Animation/ControlRig/Content/Controls/ControlRig_QuarterCircle_3mm.uexp" 530
"../../../Engine/Plugins/Animation/ControlRig/Content/Controls/ControlRig_QuarterCircle_1mm.ubulk" 531
"../../../Engine/Plugins/Animation/ControlRig/Content/Controls/ControlRig_QuarterCircle_1mm.uasset" 532
"../../../Engine/Plugins/Animation/ControlRig/Content/Controls/ControlRig_QuarterCircle_1mm.uexp" 533
"../../../Engine/Plugins/Animation/ControlRig/Content/Controls/ControlRig_Pyramid_solid.ubulk" 534
"../../../Engine/Plugins/Animation/ControlRig/Content/Controls/ControlRig_Pyramid_solid.uasset" 535
"../../../Engine/Plugins/Animation/ControlRig/Content/Controls/ControlRig_Pyramid_solid.uexp" 536
"../../../Engine/Plugins/Animation/ControlRig/Content/Controls/ControlRig_Pyramid_3mm.ubulk" 537
"../../../Engine/Plugins/Animation/ControlRig/Content/Controls/ControlRig_Pyramid_3mm.uasset" 538
"../../../Engine/Plugins/Animation/ControlRig/Content/Controls/ControlRig_Pyramid_3mm.uexp" 539
"../../../Engine/Plugins/Animation/ControlRig/Content/Controls/ControlRig_Pyramid_1mm.ubulk" 540
"../../../Engine/Plugins/Animation/ControlRig/Content/Controls/ControlRig_Pyramid_1mm.uasset" 541
"../../../Engine/Plugins/Animation/ControlRig/Content/Controls/ControlRig_Pyramid_1mm.uexp" 542
"../../../Engine/Plugins/Animation/ControlRig/Content/Controls/ControlRig_Octagon_solid.ubulk" 543
"../../../Engine/Plugins/Animation/ControlRig/Content/Controls/ControlRig_Octagon_solid.uasset" 544
"../../../Engine/Plugins/Animation/ControlRig/Content/Controls/ControlRig_Octagon_solid.uexp" 545
"../../../Engine/Plugins/Animation/ControlRig/Content/Controls/ControlRig_Octagon_3mm.ubulk" 546
"../../../Engine/Plugins/Animation/ControlRig/Content/Controls/ControlRig_Octagon_3mm.uasset" 547
"../../../Engine/Plugins/Animation/ControlRig/Content/Controls/ControlRig_Octagon_3mm.uexp" 548
"../../../Engine/Plugins/Animation/ControlRig/Content/Controls/ControlRig_Octagon_1mm.ubulk" 549
"../../../Engine/Plugins/Animation/ControlRig/Content/Controls/ControlRig_Octagon_1mm.uasset" 550
"../../../Engine/Plugins/Animation/ControlRig/Content/Controls/ControlRig_Octagon_1mm.uexp" 551
"../../../Engine/Plugins/Animation/ControlRig/Content/Controls/ControlRig_Hexagon_solid.ubulk" 552
"../../../Engine/Plugins/Animation/ControlRig/Content/Controls/ControlRig_Hexagon_solid.uasset" 553
"../../../Engine/Plugins/Animation/ControlRig/Content/Controls/ControlRig_Hexagon_solid.uexp" 554
"../../../Engine/Plugins/Animation/ControlRig/Content/Controls/ControlRig_Hexagon_3mm.ubulk" 555
"../../../Engine/Plugins/Animation/ControlRig/Content/Controls/ControlRig_Hexagon_3mm.uasset" 556
"../../../Engine/Plugins/Animation/ControlRig/Content/Controls/ControlRig_Hexagon_3mm.uexp" 557
"../../../Engine/Plugins/Animation/ControlRig/Content/Controls/ControlRig_Hexagon_1mm.ubulk" 558
"../../../Engine/Plugins/Animation/ControlRig/Content/Controls/ControlRig_Hexagon_1mm.uasset" 559
"../../../Engine/Plugins/Animation/ControlRig/Content/Controls/ControlRig_Hexagon_1mm.uexp" 560
"../../../Engine/Plugins/Animation/ControlRig/Content/Controls/ControlRig_HalfCircle_solid.ubulk" 561
"../../../Engine/Plugins/Animation/ControlRig/Content/Controls/ControlRig_HalfCircle_solid.uasset" 562
"../../../Engine/Plugins/Animation/ControlRig/Content/Controls/ControlRig_HalfCircle_solid.uexp" 563
"../../../Engine/Plugins/Animation/ControlRig/Content/Controls/ControlRig_HalfCircle_3mm.ubulk" 564
"../../../Engine/Plugins/Animation/ControlRig/Content/Controls/ControlRig_HalfCircle_3mm.uasset" 565
"../../../Engine/Plugins/Animation/ControlRig/Content/Controls/ControlRig_HalfCircle_3mm.uexp" 566
"../../../Engine/Plugins/Animation/ControlRig/Content/Controls/ControlRig_HalfCircle_1mm.ubulk" 567
"../../../Engine/Plugins/Animation/ControlRig/Content/Controls/ControlRig_HalfCircle_1mm.uasset" 568
"../../../Engine/Plugins/Animation/ControlRig/Content/Controls/ControlRig_HalfCircle_1mm.uexp" 569
"../../../Engine/Plugins/Animation/ControlRig/Content/Controls/ControlRig_Diamond_solid.ubulk" 570
"../../../Engine/Plugins/Animation/ControlRig/Content/Controls/ControlRig_Diamond_solid.uasset" 571
"../../../Engine/Plugins/Animation/ControlRig/Content/Controls/ControlRig_Diamond_solid.uexp" 572
"../../../Engine/Plugins/Animation/ControlRig/Content/Controls/ControlRig_Diamond_3mm.ubulk" 573
"../../../Engine/Plugins/Animation/ControlRig/Content/Controls/ControlRig_Diamond_3mm.uasset" 574
"../../../Engine/Plugins/Animation/ControlRig/Content/Controls/ControlRig_Diamond_3mm.uexp" 575
"../../../Engine/Plugins/Animation/ControlRig/Content/Controls/ControlRig_Diamond_1mm.ubulk" 576
"../../../Engine/Plugins/Animation/ControlRig/Content/Controls/ControlRig_Diamond_1mm.uasset" 577
"../../../Engine/Plugins/Animation/ControlRig/Content/Controls/ControlRig_Diamond_1mm.uexp" 578
"../../../Engine/Plugins/Animation/ControlRig/Content/Controls/ControlRig_Circle_solid.ubulk" 579
"../../../Engine/Plugins/Animation/ControlRig/Content/Controls/ControlRig_Circle_solid.uasset" 580
"../../../Engine/Plugins/Animation/ControlRig/Content/Controls/ControlRig_Circle_solid.uexp" 581
"../../../Engine/Plugins/Animation/ControlRig/Content/Controls/ControlRig_Circle_3mm.ubulk" 582
"../../../Engine/Plugins/Animation/ControlRig/Content/Controls/ControlRig_Circle_3mm.uasset" 583
"../../../Engine/Plugins/Animation/ControlRig/Content/Controls/ControlRig_Circle_3mm.uexp" 584
"../../../Engine/Plugins/Animation/ControlRig/Content/Controls/ControlRig_Circle_1mm.ubulk" 585
"../../../Engine/Plugins/Animation/ControlRig/Content/Controls/ControlRig_Circle_1mm.uasset" 586
"../../../Engine/Plugins/Animation/ControlRig/Content/Controls/ControlRig_Circle_1mm.uexp" 587
"../../../Engine/Plugins/Animation/ControlRig/Content/Controls/ControlRig_Box_solid.ubulk" 588
"../../../Engine/Plugins/Animation/ControlRig/Content/Controls/ControlRig_Box_solid.uasset" 589
"../../../Engine/Plugins/Animation/ControlRig/Content/Controls/ControlRig_Box_solid.uexp" 590
"../../../Engine/Plugins/Animation/ControlRig/Content/Controls/ControlRig_Box_3mm.ubulk" 591
"../../../Engine/Plugins/Animation/ControlRig/Content/Controls/ControlRig_Box_3mm.uasset" 592
"../../../Engine/Plugins/Animation/ControlRig/Content/Controls/ControlRig_Box_3mm.uexp" 593
"../../../Engine/Plugins/Animation/ControlRig/Content/Controls/ControlRig_Box_1mm.ubulk" 594
"../../../Engine/Plugins/Animation/ControlRig/Content/Controls/ControlRig_Box_1mm.uasset" 595
"../../../Engine/Plugins/Animation/ControlRig/Content/Controls/ControlRig_Box_1mm.uexp" 596
"../../../Engine/Plugins/Animation/ControlRig/Content/Controls/ControlRig_Arrow_solid.ubulk" 597
"../../../Engine/Plugins/Animation/ControlRig/Content/Controls/ControlRig_Arrow_solid.uasset" 598
"../../../Engine/Plugins/Animation/ControlRig/Content/Controls/ControlRig_Arrow_solid.uexp" 599
"../../../Engine/Plugins/Animation/ControlRig/Content/Controls/ControlRig_Arrow_3mm.ubulk" 600
"../../../Engine/Plugins/Animation/ControlRig/Content/Controls/ControlRig_Arrow_3mm.uasset" 601
"../../../Engine/Plugins/Animation/ControlRig/Content/Controls/ControlRig_Arrow_3mm.uexp" 602
"../../../Engine/Plugins/Animation/ControlRig/Content/Controls/ControlRig_Arrow_1mm.ubulk" 603
"../../../Engine/Plugins/Animation/ControlRig/Content/Controls/ControlRig_Arrow_1mm.uasset" 604
"../../../Engine/Plugins/Animation/ControlRig/Content/Controls/ControlRig_Arrow_1mm.uexp" 605
"../../../Engine/Plugins/Animation/ControlRig/Content/Controls/ControlRig_Arrow4_solid.ubulk" 606
"../../../Engine/Plugins/Animation/ControlRig/Content/Controls/ControlRig_Arrow4_solid.uasset" 607
"../../../Engine/Plugins/Animation/ControlRig/Content/Controls/ControlRig_Arrow4_solid.uexp" 608
"../../../Engine/Plugins/Animation/ControlRig/Content/Controls/ControlRig_Arrow4_3mm.ubulk" 609
"../../../Engine/Plugins/Animation/ControlRig/Content/Controls/ControlRig_Arrow4_3mm.uasset" 610
"../../../Engine/Plugins/Animation/ControlRig/Content/Controls/ControlRig_Arrow4_3mm.uexp" 611
"../../../Engine/Plugins/Animation/ControlRig/Content/Controls/ControlRig_Arrow4_1mm.ubulk" 612
"../../../Engine/Plugins/Animation/ControlRig/Content/Controls/ControlRig_Arrow4_1mm.uasset" 613
"../../../Engine/Plugins/Animation/ControlRig/Content/Controls/ControlRig_Arrow4_1mm.uexp" 614
"../../../Engine/Plugins/Animation/ControlRig/Content/Controls/ControlRig_Arrow2_solid.ubulk" 615
"../../../Engine/Plugins/Animation/ControlRig/Content/Controls/ControlRig_Arrow2_solid.uasset" 616
"../../../Engine/Plugins/Animation/ControlRig/Content/Controls/ControlRig_Arrow2_solid.uexp" 617
"../../../Engine/Plugins/Animation/ControlRig/Content/Controls/ControlRig_Arrow2_3mm.ubulk" 618
"../../../Engine/Plugins/Animation/ControlRig/Content/Controls/ControlRig_Arrow2_3mm.uasset" 619
"../../../Engine/Plugins/Animation/ControlRig/Content/Controls/ControlRig_Arrow2_3mm.uexp" 620
"../../../Engine/Plugins/Animation/ControlRig/Content/Controls/ControlRig_Arrow2_1mm.ubulk" 621
"../../../Engine/Plugins/Animation/ControlRig/Content/Controls/ControlRig_Arrow2_1mm.uasset" 622
"../../../Engine/Plugins/Animation/ControlRig/Content/Controls/ControlRig_Arrow2_1mm.uexp" 623
"../../../Engine/Plugins/Animation/ControlRig/Content/Controls/ControlRigXRayMaterial.uasset" 624
"../../../Engine/Plugins/Animation/ControlRig/Content/Controls/ControlRigXRayMaterial.uexp" 625
"../../../Engine/Plugins/Animation/ControlRig/Content/Controls/ControlRigGizmoMaterial.uasset" 626
"../../../Engine/Plugins/Animation/ControlRig/Content/Controls/ControlRigGizmoMaterial.uexp" 627
"../../../Engine/Content/VREditor/Sounds/UI/Drop_Item_From_ContentBrowser.ubulk" 628
"../../../Engine/Content/VREditor/Sounds/UI/Drop_Item_From_ContentBrowser.uasset" 629
"../../../Engine/Content/VREditor/Sounds/UI/Drop_Item_From_ContentBrowser.uexp" 630
"../../../Engine/Content/VREditor/LaserPointer/VR_LaserPower_01.ubulk" 631
"../../../Engine/Content/VREditor/LaserPointer/VR_LaserPower_01.uasset" 632
"../../../Engine/Content/VREditor/LaserPointer/VR_LaserPower_01.uexp" 633
"../../../Engine/Content/VREditor/TransformGizmo/TransformGizmoMaterial.uasset" 634
"../../../Engine/Content/VREditor/TransformGizmo/TransformGizmoMaterial.uexp" 635
"../../../Engine/Content/VREditor/TransformGizmo/TransformGizmoMaterial_Inst.uasset" 636
"../../../Engine/Content/VREditor/TransformGizmo/TransformGizmoMaterial_Inst.uexp" 637
"../../../Engine/Content/VREditor/TransformGizmo/TranslucentTransformGizmoMaterial.uasset" 638
"../../../Engine/Content/VREditor/TransformGizmo/TranslucentTransformGizmoMaterial.uexp" 639
"../../../Engine/Content/VREditor/TransformGizmo/TranslucentTransformGizmoMaterial_Inst.uasset" 640
"../../../Engine/Content/VREditor/TransformGizmo/TranslucentTransformGizmoMaterial_Inst.uexp" 641
"../../../Engine/Content/Functions/Engine_MaterialFunctions02/Math/Transform3x3Matrix.uasset" 642
"../../../Engine/Content/Functions/Engine_MaterialFunctions02/Math/Transform3x3Matrix.uexp" 643
"../../../Engine/Content/Functions/Engine_MaterialFunctions02/SplitComponents.uasset" 644
"../../../Engine/Content/Functions/Engine_MaterialFunctions02/SplitComponents.uexp" 645
"../../../Engine/Content/VREditor/SnapGrid/SnapGridMaterial.uasset" 646
"../../../Engine/Content/VREditor/SnapGrid/SnapGridMaterial.uexp" 647
"../../../Engine/Content/VREditor/SnapGrid/SnapGridPlaneMesh.ubulk" 648
"../../../Engine/Content/VREditor/SnapGrid/SnapGridPlaneMesh.uasset" 649
"../../../Engine/Content/VREditor/SnapGrid/SnapGridPlaneMesh.uexp" 650
"../../../Engine/Content/VREditor/Sounds/UI/Gizmo_Handle_Clicked.ubulk" 651
"../../../Engine/Content/VREditor/Sounds/UI/Gizmo_Handle_Clicked.uasset" 652
"../../../Engine/Content/VREditor/Sounds/UI/Gizmo_Handle_Clicked.uexp" 653
"../../../Engine/Content/VREditor/Sounds/UI/Object_PickUp.ubulk" 654
"../../../Engine/Content/VREditor/Sounds/UI/Object_PickUp.uasset" 655
"../../../Engine/Content/VREditor/Sounds/UI/Object_PickUp.uexp" 656
"../../../Engine/Content/VREditor/Sounds/UI/Object_Snaps_To_Another_Actor.ubulk" 657
"../../../Engine/Content/VREditor/Sounds/UI/Object_Snaps_To_Another_Actor.uasset" 658
"../../../Engine/Content/VREditor/Sounds/UI/Object_Snaps_To_Another_Actor.uexp" 659
"../../../Engine/Content/VREditor/Sounds/UI/Object_Snaps_To_Grid.ubulk" 660
"../../../Engine/Content/VREditor/Sounds/UI/Object_Snaps_To_Grid.uasset" 661
"../../../Engine/Content/VREditor/Sounds/UI/Object_Snaps_To_Grid.uexp" 662
"../../../Engine/Content/VREditor/Sounds/UI/Scaling_Down.ubulk" 663
"../../../Engine/Content/VREditor/Sounds/UI/Scaling_Down.uasset" 664
"../../../Engine/Content/VREditor/Sounds/UI/Scaling_Down.uexp" 665
"../../../Engine/Content/VREditor/Sounds/UI/Scaling_Up.ubulk" 666
"../../../Engine/Content/VREditor/Sounds/UI/Scaling_Up.uasset" 667
"../../../Engine/Content/VREditor/Sounds/UI/Scaling_Up.uexp" 668
"../../../Engine/Content/VREditor/Sounds/UI/Selection_Changes.ubulk" 669
"../../../Engine/Content/VREditor/Sounds/UI/Selection_Changes.uasset" 670
"../../../Engine/Content/VREditor/Sounds/UI/Selection_Changes.uexp" 671
"../../../Engine/Content/VREditor/TransformGizmo/PlaneTranslationHandle.ubulk" 672
"../../../Engine/Content/VREditor/TransformGizmo/PlaneTranslationHandle.uasset" 673
"../../../Engine/Content/VREditor/TransformGizmo/PlaneTranslationHandle.uexp" 674
"../../../Engine/Content/VREditor/TransformGizmo/RotationHandleFull.ubulk" 675
"../../../Engine/Content/VREditor/TransformGizmo/RotationHandleFull.uasset" 676
"../../../Engine/Content/VREditor/TransformGizmo/RotationHandleFull.uexp" 677
"../../../Engine/Content/VREditor/TransformGizmo/RotationHandleIndicator.ubulk" 678
"../../../Engine/Content/VREditor/TransformGizmo/RotationHandleIndicator.uasset" 679
"../../../Engine/Content/VREditor/TransformGizmo/RotationHandleIndicator.uexp" 680
"../../../Engine/Content/VREditor/TransformGizmo/RotationHandleQuarter.ubulk" 681
"../../../Engine/Content/VREditor/TransformGizmo/RotationHandleQuarter.uasset" 682
"../../../Engine/Content/VREditor/TransformGizmo/RotationHandleQuarter.uexp" 683
"../../../Engine/Content/VREditor/TransformGizmo/StartRotationHandleIndicator.ubulk" 684
"../../../Engine/Content/VREditor/TransformGizmo/StartRotationHandleIndicator.uasset" 685
"../../../Engine/Content/VREditor/TransformGizmo/StartRotationHandleIndicator.uexp" 686
"../../../Engine/Content/VREditor/TransformGizmo/TransformGizmoFreeRotation.ubulk" 687
"../../../Engine/Content/VREditor/TransformGizmo/TransformGizmoFreeRotation.uasset" 688
"../../../Engine/Content/VREditor/TransformGizmo/TransformGizmoFreeRotation.uexp" 689
"../../../Engine/Content/VREditor/TransformGizmo/TranslateArrowHandle.ubulk" 690
"../../../Engine/Content/VREditor/TransformGizmo/TranslateArrowHandle.uasset" 691
"../../../Engine/Content/VREditor/TransformGizmo/TranslateArrowHandle.uexp" 692
"../../../Engine/Content/VREditor/TransformGizmo/UniformScaleHandle.ubulk" 693
"../../../Engine/Content/VREditor/TransformGizmo/UniformScaleHandle.uasset" 694
"../../../Engine/Content/VREditor/TransformGizmo/UniformScaleHandle.uexp" 695
"../../../Engine/Content/EditorMaterials/Dataflow/DataflowVertexMaterial.uasset" 696
"../../../Engine/Content/EditorMaterials/Dataflow/DataflowVertexMaterial.uexp" 697
"../../../Engine/Content/EditorMaterials/Dataflow/DataflowTwoSidedVertexMaterial.uasset" 698
"../../../Engine/Content/EditorMaterials/Dataflow/DataflowTwoSidedVertexMaterial.uexp" 699
"../../../Engine/Content/EngineResources/FilmGrains/Marcie_Grain_v3_128_M2_000.uasset" 700
"../../../Engine/Content/EngineResources/FilmGrains/Marcie_Grain_v3_128_M2_000.uexp" 701
"../../../Engine/Content/EngineResources/Development/ZenLogo_64.uasset" 702
"../../../Engine/Content/EngineResources/Development/ZenLogo_64.uexp" 703
"../../../Engine/Content/EngineMaterials/LTC/Sheen_LTC.uasset" 704
"../../../Engine/Content/EngineMaterials/LTC/Sheen_LTC.uexp" 705
"../../../Engine/Content/EngineMaterials/LTC/GGX_LTCMat.uasset" 706
"../../../Engine/Content/EngineMaterials/LTC/GGX_LTCMat.uexp" 707
"../../../Engine/Content/EngineMaterials/LTC/GGX_LTCAmp.uasset" 708
"../../../Engine/Content/EngineMaterials/LTC/GGX_LTCAmp.uexp" 709
"../../../Engine/Content/EngineMaterials/EnergyConservation/Sheen_Energy.uasset" 710
"../../../Engine/Content/EngineMaterials/EnergyConservation/Sheen_Energy.uexp" 711
"../../../Engine/Content/EngineMaterials/EnergyConservation/SheenLegacy_Energy.uasset" 712
"../../../Engine/Content/EngineMaterials/EnergyConservation/SheenLegacy_Energy.uexp" 713
"../../../Engine/Content/EngineMaterials/EnergyConservation/GGX_TransmissionEnergyArray.uasset" 714
"../../../Engine/Content/EngineMaterials/EnergyConservation/GGX_TransmissionEnergyArray.uexp" 715
"../../../Engine/Content/EngineMaterials/EnergyConservation/GGX_ReflectionEnergy.uasset" 716
"../../../Engine/Content/EngineMaterials/EnergyConservation/GGX_ReflectionEnergy.uexp" 717
"../../../Engine/Content/EngineMaterials/EnergyConservation/Diffuse_Energy.uasset" 718
"../../../Engine/Content/EngineMaterials/EnergyConservation/Diffuse_Energy.uexp" 719
"../../../Engine/Content/EditorResources/SequenceRecorder/RecordingIndicator.uasset" 720
"../../../Engine/Content/EditorResources/SequenceRecorder/RecordingIndicator.uexp" 721
"../../../Engine/Content/EditorResources/SequenceRecorder/Countdown.uasset" 722
"../../../Engine/Content/EditorResources/SequenceRecorder/Countdown.uexp" 723
"../../../Engine/Content/EditorMaterials/ParticleSystems/PSysThumbnail_OOD.ubulk" 724
"../../../Engine/Content/EditorMaterials/ParticleSystems/PSysThumbnail_OOD.uasset" 725
"../../../Engine/Content/EditorMaterials/ParticleSystems/PSysThumbnail_OOD.uexp" 726
"../../../Engine/Content/EditorMaterials/ParticleSystems/PSysThumbnail_NoImage.ubulk" 727
"../../../Engine/Content/EditorMaterials/ParticleSystems/PSysThumbnail_NoImage.uasset" 728
"../../../Engine/Content/EditorMaterials/ParticleSystems/PSysThumbnail_NoImage.uexp" 729
"../../../Engine/Content/VREditor/TransformGizmo/BoundingBoxEdge.ubulk" 730
"../../../Engine/Content/VREditor/TransformGizmo/BoundingBoxEdge.uasset" 731
"../../../Engine/Content/VREditor/TransformGizmo/BoundingBoxEdge.uexp" 732
"../../../Engine/Content/VREditor/TransformGizmo/BoundingBoxCorner.ubulk" 733
"../../../Engine/Content/VREditor/TransformGizmo/BoundingBoxCorner.uasset" 734
"../../../Engine/Content/VREditor/TransformGizmo/BoundingBoxCorner.uexp" 735
"../../../Engine/Content/EngineMaterials/Substrate/Volume/SubstrateSimpleVolumeLUT3D.uasset" 736
"../../../Engine/Content/EngineMaterials/Substrate/Volume/SubstrateSimpleVolumeLUT3D.uexp" 737
"../../../Engine/Content/EngineMaterials/Substrate/Volume/SubstrateSimpleVolumeEnvLUT3D.uasset" 738
"../../../Engine/Content/EngineMaterials/Substrate/Volume/SubstrateSimpleVolumeEnvLUT3D.uexp" 739
"../../../Engine/Content/EngineMaterials/Substrate/Glints2/AGlintTex2dArray2.uasset" 740
"../../../Engine/Content/EngineMaterials/Substrate/Glints2/AGlintTex2dArray2.uexp" 741
"../../../Engine/Content/EngineMaterials/Substrate/GLints/AGlintTex2dArray.uasset" 742
"../../../Engine/Content/EngineMaterials/Substrate/GLints/AGlintTex2dArray.uexp" 743
"../../../Engine/Content/ArtTools/RenderToTexture/Meshes/S_1_Unit_Plane.ubulk" 744
"../../../Engine/Content/ArtTools/RenderToTexture/Meshes/S_1_Unit_Plane.uasset" 745
"../../../Engine/Content/ArtTools/RenderToTexture/Meshes/S_1_Unit_Plane.uexp" 746
"../../../Engine/Content/Functions/Engine_MaterialFunctions01/Shading/PowerToRoughness.uasset" 747
"../../../Engine/Content/Functions/Engine_MaterialFunctions01/Shading/PowerToRoughness.uexp" 748
"../../../Engine/Content/Functions/Engine_MaterialFunctions01/Shading/ConvertFromDiffSpec.uasset" 749
"../../../Engine/Content/Functions/Engine_MaterialFunctions01/Shading/ConvertFromDiffSpec.uexp" 750
"../../../Engine/Plugins/Experimental/Landmass/Content/Landscape/Meshes/S_SpritePlane.ubulk" 751
"../../../Engine/Plugins/Experimental/Landmass/Content/Landscape/Meshes/S_SpritePlane.uasset" 752
"../../../Engine/Plugins/Experimental/Landmass/Content/Landscape/Meshes/S_SpritePlane.uexp" 753
"D:/GitDdrive/DavidsMightyMenRepo/Content/UI/WBP_FloatingDamage.uasset" 754
"D:/GitDdrive/DavidsMightyMenRepo/Content/UI/WBP_FloatingDamage.uexp" 755
"D:/GitDdrive/DavidsMightyMenRepo/Content/ThirdPerson/Blueprints/BPC_PlayerStats.uasset" 756
"D:/GitDdrive/DavidsMightyMenRepo/Content/ThirdPerson/Blueprints/BPC_PlayerStats.uexp" 757
"../../../Engine/Content/BasicShapes/Sphere.ubulk" 758
"../../../Engine/Content/BasicShapes/Sphere.uasset" 759
"../../../Engine/Content/BasicShapes/Sphere.uexp" 760
"D:/GitDdrive/DavidsMightyMenRepo/Content/UI/WBP_HUD_.uasset" 761
"D:/GitDdrive/DavidsMightyMenRepo/Content/UI/WBP_HUD_.uexp" 762
"D:/GitDdrive/DavidsMightyMenRepo/Content/LevelPrototyping/Materials/M_FlatCol.uasset" 763
"D:/GitDdrive/DavidsMightyMenRepo/Content/LevelPrototyping/Materials/M_FlatCol.uexp" 764
"D:/GitDdrive/DavidsMightyMenRepo/Content/LevelPrototyping/Materials/MI_DefaultColorway.uasset" 765
"D:/GitDdrive/DavidsMightyMenRepo/Content/LevelPrototyping/Materials/MI_DefaultColorway.uexp" 766
"D:/GitDdrive/DavidsMightyMenRepo/Content/ThirdPerson/MI_ThirdPersonColWay.uasset" 767
"D:/GitDdrive/DavidsMightyMenRepo/Content/ThirdPerson/MI_ThirdPersonColWay.uexp" 768
"D:/GitDdrive/DavidsMightyMenRepo/Content/ThirdPerson/Blueprints/BP_Orb.uasset" 769
"D:/GitDdrive/DavidsMightyMenRepo/Content/ThirdPerson/Blueprints/BP_Orb.uexp" 770
"D:/GitDdrive/DavidsMightyMenRepo/Content/Characters/Mannequins/Meshes/SK_Mannequin.uasset" 771
"D:/GitDdrive/DavidsMightyMenRepo/Content/Characters/Mannequins/Meshes/SK_Mannequin.uexp" 772
"D:/GitDdrive/DavidsMightyMenRepo/Content/Characters/Mannequins/Rigs/PA_Mannequin.uasset" 773
"D:/GitDdrive/DavidsMightyMenRepo/Content/Characters/Mannequins/Rigs/PA_Mannequin.uexp" 774
"D:/GitDdrive/DavidsMightyMenRepo/Content/Characters/Mannequins/Textures/Quinn/T_Quinn_01_N.ubulk" 775
"D:/GitDdrive/DavidsMightyMenRepo/Content/Characters/Mannequins/Textures/Quinn/T_Quinn_01_N.uasset" 776
"D:/GitDdrive/DavidsMightyMenRepo/Content/Characters/Mannequins/Textures/Quinn/T_Quinn_01_N.uexp" 777
"D:/GitDdrive/DavidsMightyMenRepo/Content/Characters/Mannequins/Textures/Quinn/T_Quinn_01_MRA.ubulk" 778
"D:/GitDdrive/DavidsMightyMenRepo/Content/Characters/Mannequins/Textures/Quinn/T_Quinn_01_MRA.uasset" 779
"D:/GitDdrive/DavidsMightyMenRepo/Content/Characters/Mannequins/Textures/Quinn/T_Quinn_01_MRA.uexp" 780
"D:/GitDdrive/DavidsMightyMenRepo/Content/Characters/Mannequins/Textures/Quinn/T_Quinn_01_D.ubulk" 781
"D:/GitDdrive/DavidsMightyMenRepo/Content/Characters/Mannequins/Textures/Quinn/T_Quinn_01_D.uasset" 782
"D:/GitDdrive/DavidsMightyMenRepo/Content/Characters/Mannequins/Textures/Quinn/T_Quinn_01_D.uexp" 783
"D:/GitDdrive/DavidsMightyMenRepo/Content/Characters/Mannequins/Textures/Shared/T_UE_Logo_M.uasset" 784
"D:/GitDdrive/DavidsMightyMenRepo/Content/Characters/Mannequins/Textures/Shared/T_UE_Logo_M.uexp" 785
"D:/GitDdrive/DavidsMightyMenRepo/Content/Characters/Mannequins/Textures/Manny/T_Manny_01_MRA.ubulk" 786
"D:/GitDdrive/DavidsMightyMenRepo/Content/Characters/Mannequins/Textures/Manny/T_Manny_01_MRA.uasset" 787
"D:/GitDdrive/DavidsMightyMenRepo/Content/Characters/Mannequins/Textures/Manny/T_Manny_01_MRA.uexp" 788
"D:/GitDdrive/DavidsMightyMenRepo/Content/Characters/Mannequins/Textures/Manny/T_Manny_01_D.ubulk" 789
"D:/GitDdrive/DavidsMightyMenRepo/Content/Characters/Mannequins/Textures/Manny/T_Manny_01_D.uasset" 790
"D:/GitDdrive/DavidsMightyMenRepo/Content/Characters/Mannequins/Textures/Manny/T_Manny_01_D.uexp" 791
"D:/GitDdrive/DavidsMightyMenRepo/Content/Characters/Mannequins/Textures/Manny/T_Manny_01_BN.ubulk" 792
"D:/GitDdrive/DavidsMightyMenRepo/Content/Characters/Mannequins/Textures/Manny/T_Manny_01_BN.uasset" 793
"D:/GitDdrive/DavidsMightyMenRepo/Content/Characters/Mannequins/Textures/Manny/T_Manny_01_BN.uexp" 794
"D:/GitDdrive/DavidsMightyMenRepo/Content/Characters/Mannequins/Materials/M_Mannequin.uasset" 795
"D:/GitDdrive/DavidsMightyMenRepo/Content/Characters/Mannequins/Materials/M_Mannequin.uexp" 796
"D:/GitDdrive/DavidsMightyMenRepo/Content/Characters/Mannequins/Materials/Quinn/MI_Quinn_01.uasset" 797
"D:/GitDdrive/DavidsMightyMenRepo/Content/Characters/Mannequins/Materials/Quinn/MI_Quinn_01.uexp" 798
"D:/GitDdrive/DavidsMightyMenRepo/Content/Characters/Mannequins/Textures/Quinn/T_Quinn_02_N.ubulk" 799
"D:/GitDdrive/DavidsMightyMenRepo/Content/Characters/Mannequins/Textures/Quinn/T_Quinn_02_N.uasset" 800
"D:/GitDdrive/DavidsMightyMenRepo/Content/Characters/Mannequins/Textures/Quinn/T_Quinn_02_N.uexp" 801
"D:/GitDdrive/DavidsMightyMenRepo/Content/Characters/Mannequins/Textures/Quinn/T_Quinn_02_MRA.ubulk" 802
"D:/GitDdrive/DavidsMightyMenRepo/Content/Characters/Mannequins/Textures/Quinn/T_Quinn_02_MRA.uasset" 803
"D:/GitDdrive/DavidsMightyMenRepo/Content/Characters/Mannequins/Textures/Quinn/T_Quinn_02_MRA.uexp" 804
"D:/GitDdrive/DavidsMightyMenRepo/Content/Characters/Mannequins/Textures/Quinn/T_Quinn_02_D.ubulk" 805
"D:/GitDdrive/DavidsMightyMenRepo/Content/Characters/Mannequins/Textures/Quinn/T_Quinn_02_D.uasset" 806
"D:/GitDdrive/DavidsMightyMenRepo/Content/Characters/Mannequins/Textures/Quinn/T_Quinn_02_D.uexp" 807
"D:/GitDdrive/DavidsMightyMenRepo/Content/Characters/Mannequins/Materials/Quinn/MI_Quinn_02.uasset" 808
"D:/GitDdrive/DavidsMightyMenRepo/Content/Characters/Mannequins/Materials/Quinn/MI_Quinn_02.uexp" 809
"D:/GitDdrive/DavidsMightyMenRepo/Content/Characters/Mannequins/Meshes/SKM_Quinn_Simple.uasset" 810
"D:/GitDdrive/DavidsMightyMenRepo/Content/Characters/Mannequins/Meshes/SKM_Quinn_Simple.uexp" 811
"../../../Engine/Plugins/Animation/ACLPlugin/Content/ACLAnimCurveCompressionSettings.uasset" 812
"../../../Engine/Plugins/Animation/ACLPlugin/Content/ACLAnimCurveCompressionSettings.uexp" 813
"../../../Engine/Plugins/Animation/ACLPlugin/Content/ACLAnimBoneCompressionSettings.uasset" 814
"../../../Engine/Plugins/Animation/ACLPlugin/Content/ACLAnimBoneCompressionSettings.uexp" 815
"../../../Engine/Content/Animation/DefaultVariableFrameStrippingSettings.uasset" 816
"../../../Engine/Content/Animation/DefaultVariableFrameStrippingSettings.uexp" 817
"D:/GitDdrive/DavidsMightyMenRepo/Content/ThirdPerson/Anims/Idles/Idle.uasset" 818
"D:/GitDdrive/DavidsMightyMenRepo/Content/ThirdPerson/Anims/Idles/Idle.uexp" 819
"D:/GitDdrive/DavidsMightyMenRepo/Content/ThirdPerson/Anims/Movement/Walk.uasset" 820
"D:/GitDdrive/DavidsMightyMenRepo/Content/ThirdPerson/Anims/Movement/Walk.uexp" 821
"D:/GitDdrive/DavidsMightyMenRepo/Content/ThirdPerson/Anims/Movement/Run2.uasset" 822
"D:/GitDdrive/DavidsMightyMenRepo/Content/ThirdPerson/Anims/Movement/Run2.uexp" 823
"D:/GitDdrive/DavidsMightyMenRepo/Content/ThirdPerson/Anims/Movement/StrafeRight_00.uasset" 824
"D:/GitDdrive/DavidsMightyMenRepo/Content/ThirdPerson/Anims/Movement/StrafeRight_00.uexp" 825
"D:/GitDdrive/DavidsMightyMenRepo/Content/ThirdPerson/Anims/Movement/StrafeRight.uasset" 826
"D:/GitDdrive/DavidsMightyMenRepo/Content/ThirdPerson/Anims/Movement/StrafeRight.uexp" 827
"D:/GitDdrive/DavidsMightyMenRepo/Content/ThirdPerson/Anims/Movement/StrafeLeft.uasset" 828
"D:/GitDdrive/DavidsMightyMenRepo/Content/ThirdPerson/Anims/Movement/StrafeLeft.uexp" 829
"D:/GitDdrive/DavidsMightyMenRepo/Content/ThirdPerson/Anims/BS_SwordandShield.uasset" 830
"D:/GitDdrive/DavidsMightyMenRepo/Content/ThirdPerson/Anims/BS_SwordandShield.uexp" 831
"D:/GitDdrive/DavidsMightyMenRepo/Content/ThirdPerson/Anims/Movement/Jump.uasset" 832
"D:/GitDdrive/DavidsMightyMenRepo/Content/ThirdPerson/Anims/Movement/Jump.uexp" 833
"D:/GitDdrive/DavidsMightyMenRepo/Content/ThirdPerson/Anims/Idles/BlockIdle.uasset" 834
"D:/GitDdrive/DavidsMightyMenRepo/Content/ThirdPerson/Anims/Idles/BlockIdle.uexp" 835
"../../../Engine/Plugins/Animation/ControlRig/Content/Controls/DefaultGizmoLibraryNormalized.uasset" 836
"../../../Engine/Plugins/Animation/ControlRig/Content/Controls/DefaultGizmoLibraryNormalized.uexp" 837
"D:/GitDdrive/DavidsMightyMenRepo/Content/Characters/Mannequins/Rigs/CR_Mannequin_FootIK.uasset" 838
"D:/GitDdrive/DavidsMightyMenRepo/Content/Characters/Mannequins/Rigs/CR_Mannequin_FootIK.uexp" 839
"../../../Engine/Content/Animation/DefaultAnimCurveCompressionSettings.uasset" 840
"../../../Engine/Content/Animation/DefaultAnimCurveCompressionSettings.uexp" 841
"../../../Engine/Content/Animation/DefaultAnimBoneCompressionSettings.uasset" 842
"../../../Engine/Content/Animation/DefaultAnimBoneCompressionSettings.uexp" 843
"D:/GitDdrive/DavidsMightyMenRepo/Content/Characters/Mannequins/Anims/Unarmed/Jump/MM_Land.uasset" 844
"D:/GitDdrive/DavidsMightyMenRepo/Content/Characters/Mannequins/Anims/Unarmed/Jump/MM_Land.uexp" 845
"D:/GitDdrive/DavidsMightyMenRepo/Content/Characters/Mannequins/Anims/Unarmed/Jump/MM_Fall_Loop.uasset" 846
"D:/GitDdrive/DavidsMightyMenRepo/Content/Characters/Mannequins/Anims/Unarmed/Jump/MM_Fall_Loop.uexp" 847
"D:/GitDdrive/DavidsMightyMenRepo/Content/Characters/Mannequins/Anims/Unarmed/ABP_Unarmed.uasset" 848
"D:/GitDdrive/DavidsMightyMenRepo/Content/Characters/Mannequins/Anims/Unarmed/ABP_Unarmed.uexp" 849
"D:/GitDdrive/DavidsMightyMenRepo/Content/ThirdPerson/Anims/EnemyAnims/SwordAndShieldImpact_UE.uasset" 850
"D:/GitDdrive/DavidsMightyMenRepo/Content/ThirdPerson/Anims/EnemyAnims/SwordAndShieldImpact_UE.uexp" 851
"D:/GitDdrive/DavidsMightyMenRepo/Content/ThirdPerson/Anims/EnemyAnims/SwordAndShieldDeath_UE.uasset" 852
"D:/GitDdrive/DavidsMightyMenRepo/Content/ThirdPerson/Anims/EnemyAnims/SwordAndShieldDeath_UE.uexp" 853
"D:/GitDdrive/DavidsMightyMenRepo/Content/ThirdPerson/Blueprints/BP_EnemyBase.uasset" 854
"D:/GitDdrive/DavidsMightyMenRepo/Content/ThirdPerson/Blueprints/BP_EnemyBase.uexp" 855
"D:/GitDdrive/DavidsMightyMenRepo/Content/ThirdPerson/_GENERATED/Xande/Sword.ubulk" 856
"D:/GitDdrive/DavidsMightyMenRepo/Content/ThirdPerson/_GENERATED/Xande/Sword.uasset" 857
"D:/GitDdrive/DavidsMightyMenRepo/Content/ThirdPerson/_GENERATED/Xande/Sword.uexp" 858
"D:/GitDdrive/DavidsMightyMenRepo/Content/ThirdPerson/Blueprints/BP_Grunt.uasset" 859
"D:/GitDdrive/DavidsMightyMenRepo/Content/ThirdPerson/Blueprints/BP_Grunt.uexp" 860
"D:/GitDdrive/DavidsMightyMenRepo/Content/ThirdPerson/Blueprints/BP_Sword.uasset" 861
"D:/GitDdrive/DavidsMightyMenRepo/Content/ThirdPerson/Blueprints/BP_Sword.uexp" 862
"D:/GitDdrive/DavidsMightyMenRepo/Content/ThirdPerson/_GENERATED/Xande/Shield.ubulk" 863
"D:/GitDdrive/DavidsMightyMenRepo/Content/ThirdPerson/_GENERATED/Xande/Shield.uasset" 864
"D:/GitDdrive/DavidsMightyMenRepo/Content/ThirdPerson/_GENERATED/Xande/Shield.uexp" 865
"D:/GitDdrive/DavidsMightyMenRepo/Content/ThirdPerson/Blueprints/BP_Shield.uasset" 866
"D:/GitDdrive/DavidsMightyMenRepo/Content/ThirdPerson/Blueprints/BP_Shield.uexp" 867
"D:/GitDdrive/DavidsMightyMenRepo/Content/Input/Actions/IA_MouseLook.uasset" 868
"D:/GitDdrive/DavidsMightyMenRepo/Content/Input/Actions/IA_MouseLook.uexp" 869
"D:/GitDdrive/DavidsMightyMenRepo/Content/Input/Actions/IA_StrongAttack.uasset" 870
"D:/GitDdrive/DavidsMightyMenRepo/Content/Input/Actions/IA_StrongAttack.uexp" 871
"D:/GitDdrive/DavidsMightyMenRepo/Content/Input/Actions/IA_Shield.uasset" 872
"D:/GitDdrive/DavidsMightyMenRepo/Content/Input/Actions/IA_Shield.uexp" 873
"D:/GitDdrive/DavidsMightyMenRepo/Content/Input/Actions/IA_Move.uasset" 874
"D:/GitDdrive/DavidsMightyMenRepo/Content/Input/Actions/IA_Move.uexp" 875
"D:/GitDdrive/DavidsMightyMenRepo/Content/Input/Actions/IA_Look.uasset" 876
"D:/GitDdrive/DavidsMightyMenRepo/Content/Input/Actions/IA_Look.uexp" 877
"D:/GitDdrive/DavidsMightyMenRepo/Content/Input/Actions/IA_Jump.uasset" 878
"D:/GitDdrive/DavidsMightyMenRepo/Content/Input/Actions/IA_Jump.uexp" 879
"D:/GitDdrive/DavidsMightyMenRepo/Content/Input/Touch/BPI_TouchInterface.uasset" 880
"D:/GitDdrive/DavidsMightyMenRepo/Content/Input/Touch/BPI_TouchInterface.uexp" 881
"D:/GitDdrive/DavidsMightyMenRepo/Content/Input/Actions/IA_QuickAttack.uasset" 882
"D:/GitDdrive/DavidsMightyMenRepo/Content/Input/Actions/IA_QuickAttack.uexp" 883
"D:/GitDdrive/DavidsMightyMenRepo/Content/ThirdPerson/Anims/Movement/StandingDodgeRight_UE.uasset" 884
"D:/GitDdrive/DavidsMightyMenRepo/Content/ThirdPerson/Anims/Movement/StandingDodgeRight_UE.uexp" 885
"D:/GitDdrive/DavidsMightyMenRepo/Content/ThirdPerson/Anims/Movement/StandingDodgeRight_UE_Montage.uasset" 886
"D:/GitDdrive/DavidsMightyMenRepo/Content/ThirdPerson/Anims/Movement/StandingDodgeRight_UE_Montage.uexp" 887
"D:/GitDdrive/DavidsMightyMenRepo/Content/ThirdPerson/Anims/Movement/StandingDodgeLeft_UE.uasset" 888
"D:/GitDdrive/DavidsMightyMenRepo/Content/ThirdPerson/Anims/Movement/StandingDodgeLeft_UE.uexp" 889
"D:/GitDdrive/DavidsMightyMenRepo/Content/ThirdPerson/Anims/Movement/StandingDodgeLeft_UE_Montage.uasset" 890
"D:/GitDdrive/DavidsMightyMenRepo/Content/ThirdPerson/Anims/Movement/StandingDodgeLeft_UE_Montage.uexp" 891
"D:/GitDdrive/DavidsMightyMenRepo/Content/ThirdPerson/Anims/Movement/StandingDodgeForward_UE.uasset" 892
"D:/GitDdrive/DavidsMightyMenRepo/Content/ThirdPerson/Anims/Movement/StandingDodgeForward_UE.uexp" 893
"D:/GitDdrive/DavidsMightyMenRepo/Content/ThirdPerson/Anims/Movement/StandingDodgeForward_UE_Montage.uasset" 894
"D:/GitDdrive/DavidsMightyMenRepo/Content/ThirdPerson/Anims/Movement/StandingDodgeForward_UE_Montage.uexp" 895
"D:/GitDdrive/DavidsMightyMenRepo/Content/ThirdPerson/Anims/Movement/StandingDodgeBackward_UE.uasset" 896
"D:/GitDdrive/DavidsMightyMenRepo/Content/ThirdPerson/Anims/Movement/StandingDodgeBackward_UE.uexp" 897
"D:/GitDdrive/DavidsMightyMenRepo/Content/ThirdPerson/Anims/Movement/StandingDodgeBackward_UE_Montage.uasset" 898
"D:/GitDdrive/DavidsMightyMenRepo/Content/ThirdPerson/Anims/Movement/StandingDodgeBackward_UE_Montage.uexp" 899
"D:/GitDdrive/DavidsMightyMenRepo/Content/ThirdPerson/Anims/Movement/Block.uasset" 900
"D:/GitDdrive/DavidsMightyMenRepo/Content/ThirdPerson/Anims/Movement/Block.uexp" 901
"D:/GitDdrive/DavidsMightyMenRepo/Content/ThirdPerson/Anims/Movement/AM_Block.uasset" 902
"D:/GitDdrive/DavidsMightyMenRepo/Content/ThirdPerson/Anims/Movement/AM_Block.uexp" 903
"D:/GitDdrive/DavidsMightyMenRepo/Content/ThirdPerson/Anims/Idles/AM_BlockIdle.uasset" 904
"D:/GitDdrive/DavidsMightyMenRepo/Content/ThirdPerson/Anims/Idles/AM_BlockIdle.uexp" 905
"D:/GitDdrive/DavidsMightyMenRepo/Content/ThirdPerson/Blueprints/BP_Notify_SwordTraceLoop.uasset" 906
"D:/GitDdrive/DavidsMightyMenRepo/Content/ThirdPerson/Blueprints/BP_Notify_SwordTraceLoop.uexp" 907
"D:/GitDdrive/DavidsMightyMenRepo/Content/ThirdPerson/Anims/Attacks/Strong_Combo/Strong4.uasset" 908
"D:/GitDdrive/DavidsMightyMenRepo/Content/ThirdPerson/Anims/Attacks/Strong_Combo/Strong4.uexp" 909
"D:/GitDdrive/DavidsMightyMenRepo/Content/ThirdPerson/Anims/Attacks/Strong_Combo/Strong4_Montage.uasset" 910
"D:/GitDdrive/DavidsMightyMenRepo/Content/ThirdPerson/Anims/Attacks/Strong_Combo/Strong4_Montage.uexp" 911
"D:/GitDdrive/DavidsMightyMenRepo/Content/ThirdPerson/Anims/Attacks/Strong_Combo/Strong3.uasset" 912
"D:/GitDdrive/DavidsMightyMenRepo/Content/ThirdPerson/Anims/Attacks/Strong_Combo/Strong3.uexp" 913
"D:/GitDdrive/DavidsMightyMenRepo/Content/ThirdPerson/Anims/Attacks/Strong_Combo/Strong3_Montage.uasset" 914
"D:/GitDdrive/DavidsMightyMenRepo/Content/ThirdPerson/Anims/Attacks/Strong_Combo/Strong3_Montage.uexp" 915
"D:/GitDdrive/DavidsMightyMenRepo/Content/ThirdPerson/Anims/Attacks/Strong_Combo/Strong2.uasset" 916
"D:/GitDdrive/DavidsMightyMenRepo/Content/ThirdPerson/Anims/Attacks/Strong_Combo/Strong2.uexp" 917
"D:/GitDdrive/DavidsMightyMenRepo/Content/ThirdPerson/Anims/Attacks/Strong_Combo/Strong2_Montage.uasset" 918
"D:/GitDdrive/DavidsMightyMenRepo/Content/ThirdPerson/Anims/Attacks/Strong_Combo/Strong2_Montage.uexp" 919
"D:/GitDdrive/DavidsMightyMenRepo/Content/ThirdPerson/Anims/Attacks/Strong_Combo/Strong1.uasset" 920
"D:/GitDdrive/DavidsMightyMenRepo/Content/ThirdPerson/Anims/Attacks/Strong_Combo/Strong1.uexp" 921
"D:/GitDdrive/DavidsMightyMenRepo/Content/ThirdPerson/Anims/Attacks/Strong_Combo/Strong1_Montage.uasset" 922
"D:/GitDdrive/DavidsMightyMenRepo/Content/ThirdPerson/Anims/Attacks/Strong_Combo/Strong1_Montage.uexp" 923
"D:/GitDdrive/DavidsMightyMenRepo/Content/ThirdPerson/Anims/Attacks/Quick_Combo/Quick4.uasset" 924
"D:/GitDdrive/DavidsMightyMenRepo/Content/ThirdPerson/Anims/Attacks/Quick_Combo/Quick4.uexp" 925
"D:/GitDdrive/DavidsMightyMenRepo/Content/ThirdPerson/Anims/Attacks/Quick_Combo/Quick_Montage.uasset" 926
"D:/GitDdrive/DavidsMightyMenRepo/Content/ThirdPerson/Anims/Attacks/Quick_Combo/Quick_Montage.uexp" 927
"D:/GitDdrive/DavidsMightyMenRepo/Content/ThirdPerson/Blueprints/BP_Notify_SphereTrace.uasset" 928
"D:/GitDdrive/DavidsMightyMenRepo/Content/ThirdPerson/Blueprints/BP_Notify_SphereTrace.uexp" 929
"D:/GitDdrive/DavidsMightyMenRepo/Content/ThirdPerson/Anims/Attacks/Quick_Combo/Quick3.uasset" 930
"D:/GitDdrive/DavidsMightyMenRepo/Content/ThirdPerson/Anims/Attacks/Quick_Combo/Quick3.uexp" 931
"D:/GitDdrive/DavidsMightyMenRepo/Content/ThirdPerson/Anims/Attacks/Quick_Combo/Quick3_Montage.uasset" 932
"D:/GitDdrive/DavidsMightyMenRepo/Content/ThirdPerson/Anims/Attacks/Quick_Combo/Quick3_Montage.uexp" 933
"D:/GitDdrive/DavidsMightyMenRepo/Content/ThirdPerson/Anims/Attacks/Quick_Combo/Quick2.uasset" 934
"D:/GitDdrive/DavidsMightyMenRepo/Content/ThirdPerson/Anims/Attacks/Quick_Combo/Quick2.uexp" 935
"D:/GitDdrive/DavidsMightyMenRepo/Content/ThirdPerson/Anims/Attacks/Quick_Combo/Quick2_Montage.uasset" 936
"D:/GitDdrive/DavidsMightyMenRepo/Content/ThirdPerson/Anims/Attacks/Quick_Combo/Quick2_Montage.uexp" 937
"D:/GitDdrive/DavidsMightyMenRepo/Content/ThirdPerson/Anims/Attacks/Quick_Combo/Quick1.uasset" 938
"D:/GitDdrive/DavidsMightyMenRepo/Content/ThirdPerson/Anims/Attacks/Quick_Combo/Quick1.uexp" 939
"D:/GitDdrive/DavidsMightyMenRepo/Content/ThirdPerson/Anims/Attacks/Quick_Combo/Quick1_Montage.uasset" 940
"D:/GitDdrive/DavidsMightyMenRepo/Content/ThirdPerson/Anims/Attacks/Quick_Combo/Quick1_Montage.uexp" 941
"D:/GitDdrive/DavidsMightyMenRepo/Content/ThirdPerson/Anims/Attacks/Divine_Intervention/PowerUp.uasset" 942
"D:/GitDdrive/DavidsMightyMenRepo/Content/ThirdPerson/Anims/Attacks/Divine_Intervention/PowerUp.uexp" 943
"D:/GitDdrive/DavidsMightyMenRepo/Content/ThirdPerson/Anims/Attacks/Divine_Intervention/Casting_UE.uasset" 944
"D:/GitDdrive/DavidsMightyMenRepo/Content/ThirdPerson/Anims/Attacks/Divine_Intervention/Casting_UE.uexp" 945
"D:/GitDdrive/DavidsMightyMenRepo/Content/Attack_Cinematics/DivineInternvention_Sequence.uasset" 946
"D:/GitDdrive/DavidsMightyMenRepo/Content/Attack_Cinematics/DivineInternvention_Sequence.uexp" 947
"D:/GitDdrive/DavidsMightyMenRepo/Content/ThirdPerson/Blueprints/BP_ThirdPersonCharacter.uasset" 948
"D:/GitDdrive/DavidsMightyMenRepo/Content/ThirdPerson/Blueprints/BP_ThirdPersonCharacter.uexp" 949
"D:/GitDdrive/DavidsMightyMenRepo/Content/Input/IMC_MouseLook.uasset" 950
"D:/GitDdrive/DavidsMightyMenRepo/Content/Input/IMC_MouseLook.uexp" 951
"../../../Engine/Content/MobileResources/HUD/VirtualJoystick_Thumb.uasset" 952
"../../../Engine/Content/MobileResources/HUD/VirtualJoystick_Thumb.uexp" 953
"../../../Engine/Content/MobileResources/HUD/VirtualJoystick_Background.uasset" 954
"../../../Engine/Content/MobileResources/HUD/VirtualJoystick_Background.uexp" 955
"D:/GitDdrive/DavidsMightyMenRepo/Content/Input/Touch/UI_Thumbstick.uasset" 956
"D:/GitDdrive/DavidsMightyMenRepo/Content/Input/Touch/UI_Thumbstick.uexp" 957
"D:/GitDdrive/DavidsMightyMenRepo/Content/Input/Touch/UI_TouchSimple.uasset" 958
"D:/GitDdrive/DavidsMightyMenRepo/Content/Input/Touch/UI_TouchSimple.uexp" 959
"D:/GitDdrive/DavidsMightyMenRepo/Content/Input/IMC_Default.uasset" 960
"D:/GitDdrive/DavidsMightyMenRepo/Content/Input/IMC_Default.uexp" 961
"D:/GitDdrive/DavidsMightyMenRepo/Content/ThirdPerson/Blueprints/BP_ThirdPersonPlayerController.uasset" 962
"D:/GitDdrive/DavidsMightyMenRepo/Content/ThirdPerson/Blueprints/BP_ThirdPersonPlayerController.uexp" 963
"D:/GitDdrive/DavidsMightyMenRepo/Content/ThirdPerson/Blueprints/BP_ThirdPersonGameMode.uasset" 964
"D:/GitDdrive/DavidsMightyMenRepo/Content/ThirdPerson/Blueprints/BP_ThirdPersonGameMode.uexp" 965
"../../../Engine/Plugins/Interchange/Assets/Content/gltf/Textures/T_White_srgb.uasset" 966
"../../../Engine/Plugins/Interchange/Assets/Content/gltf/Textures/T_White_srgb.uexp" 967
"../../../Engine/Plugins/Interchange/Assets/Content/gltf/MaterialFunctions/MF_BaseColor.uasset" 968
"../../../Engine/Plugins/Interchange/Assets/Content/gltf/MaterialFunctions/MF_BaseColor.uexp" 969
"../../../Engine/Plugins/Interchange/Assets/Content/gltf/MaterialFunctions/MF_RotateV2.uasset" 970
"../../../Engine/Plugins/Interchange/Assets/Content/gltf/MaterialFunctions/MF_RotateV2.uexp" 971
"../../../Engine/Plugins/Interchange/Assets/Content/gltf/MaterialFunctions/MF_TransformUVs.uasset" 972
"../../../Engine/Plugins/Interchange/Assets/Content/gltf/MaterialFunctions/MF_TransformUVs.uexp" 973
"../../../Engine/Plugins/Interchange/Assets/Content/gltf/MaterialBodies/MF_Unlit_Body.uasset" 974
"../../../Engine/Plugins/Interchange/Assets/Content/gltf/MaterialBodies/MF_Unlit_Body.uexp" 975
"../../../Engine/Plugins/Interchange/Assets/Content/gltf/M_Unlit.uasset" 976
"../../../Engine/Plugins/Interchange/Assets/Content/gltf/M_Unlit.uexp" 977
"../../../Engine/Plugins/Interchange/Assets/Content/gltf/MaterialInstances/MI_Unlit_Opaque_DS.uasset" 978
"../../../Engine/Plugins/Interchange/Assets/Content/gltf/MaterialInstances/MI_Unlit_Opaque_DS.uexp" 979
"../../../Engine/Plugins/Interchange/Assets/Content/gltf/MaterialInstances/MI_Unlit_Opaque.uasset" 980
"../../../Engine/Plugins/Interchange/Assets/Content/gltf/MaterialInstances/MI_Unlit_Opaque.uexp" 981
"../../../Engine/Plugins/Interchange/Assets/Content/gltf/MaterialInstances/MI_Unlit_Mask_DS.uasset" 982
"../../../Engine/Plugins/Interchange/Assets/Content/gltf/MaterialInstances/MI_Unlit_Mask_DS.uexp" 983
"../../../Engine/Plugins/Interchange/Assets/Content/gltf/MaterialInstances/MI_Unlit_Mask.uasset" 984
"../../../Engine/Plugins/Interchange/Assets/Content/gltf/MaterialInstances/MI_Unlit_Mask.uexp" 985
"../../../Engine/Plugins/Interchange/Assets/Content/gltf/MaterialInstances/MI_Unlit_Blend_DS.uasset" 986
"../../../Engine/Plugins/Interchange/Assets/Content/gltf/MaterialInstances/MI_Unlit_Blend_DS.uexp" 987
"../../../Engine/Plugins/Interchange/Assets/Content/gltf/MaterialInstances/MI_Unlit_Blend.uasset" 988
"../../../Engine/Plugins/Interchange/Assets/Content/gltf/MaterialInstances/MI_Unlit_Blend.uexp" 989
"../../../Engine/Content/EngineMaterials/Good64x64TilingNoiseHighFreq.uasset" 990
"../../../Engine/Content/EngineMaterials/Good64x64TilingNoiseHighFreq.uexp" 991
"../../../Engine/Content/Functions/Engine_MaterialFunctions02/Texturing/ScreenAlignedPixelToPixelUVs.uasset" 992
"../../../Engine/Content/Functions/Engine_MaterialFunctions02/Texturing/ScreenAlignedPixelToPixelUVs.uexp" 993
"../../../Engine/Plugins/Interchange/Assets/Content/Utilities/New_LUT.uasset" 994
"../../../Engine/Plugins/Interchange/Assets/Content/Utilities/New_LUT.uexp" 995
"../../../Engine/Content/Functions/Engine_MaterialFunctions03/Math/RemapValueRange.uasset" 996
"../../../Engine/Content/Functions/Engine_MaterialFunctions03/Math/RemapValueRange.uexp" 997
"../../../Engine/Plugins/Interchange/Assets/Content/Functions/MF_Iridescence.uasset" 998
"../../../Engine/Plugins/Interchange/Assets/Content/Functions/MF_Iridescence.uexp" 999
"../../../Engine/Plugins/Interchange/Assets/Content/gltf/MaterialFunctions/MF_Fresnel_DS.uasset" 1000
"../../../Engine/Plugins/Interchange/Assets/Content/gltf/MaterialFunctions/MF_Fresnel_DS.uexp" 1001
"../../../Engine/Plugins/Interchange/Assets/Content/gltf/MaterialFunctions/MF_IOR.uasset" 1002
"../../../Engine/Plugins/Interchange/Assets/Content/gltf/MaterialFunctions/MF_IOR.uexp" 1003
"../../../Engine/Plugins/Interchange/Assets/Content/gltf/MaterialFunctions/MF_Iridescence.uasset" 1004
"../../../Engine/Plugins/Interchange/Assets/Content/gltf/MaterialFunctions/MF_Iridescence.uexp" 1005
"../../../Engine/Plugins/Interchange/Assets/Content/gltf/Textures/T_White_Linear.uasset" 1006
"../../../Engine/Plugins/Interchange/Assets/Content/gltf/Textures/T_White_Linear.uexp" 1007
"../../../Engine/Plugins/Interchange/Assets/Content/gltf/MaterialFunctions/MF_MetallicRoughness.uasset" 1008
"../../../Engine/Plugins/Interchange/Assets/Content/gltf/MaterialFunctions/MF_MetallicRoughness.uexp" 1009
"../../../Engine/Plugins/Interchange/Assets/Content/gltf/MaterialFunctions/MF_RotateNormals_TS.uasset" 1010
"../../../Engine/Plugins/Interchange/Assets/Content/gltf/MaterialFunctions/MF_RotateNormals_TS.uexp" 1011
"../../../Engine/Plugins/Interchange/Assets/Content/gltf/MaterialFunctions/MF_ScaleNormal.uasset" 1012
"../../../Engine/Plugins/Interchange/Assets/Content/gltf/MaterialFunctions/MF_ScaleNormal.uexp" 1013
"../../../Engine/Plugins/Interchange/Assets/Content/gltf/Textures/T_Generic_N.uasset" 1014
"../../../Engine/Plugins/Interchange/Assets/Content/gltf/Textures/T_Generic_N.uexp" 1015
"../../../Engine/Plugins/Interchange/Assets/Content/gltf/MaterialFunctions/MF_Normals.uasset" 1016
"../../../Engine/Plugins/Interchange/Assets/Content/gltf/MaterialFunctions/MF_Normals.uexp" 1017
"../../../Engine/Plugins/Interchange/Assets/Content/gltf/MaterialFunctions/MF_Occlusion.uasset" 1018
"../../../Engine/Plugins/Interchange/Assets/Content/gltf/MaterialFunctions/MF_Occlusion.uexp" 1019
"../../../Engine/Plugins/Interchange/Assets/Content/gltf/MaterialFunctions/MF_Specular.uasset" 1020
"../../../Engine/Plugins/Interchange/Assets/Content/gltf/MaterialFunctions/MF_Specular.uexp" 1021
"../../../Engine/Plugins/Interchange/Assets/Content/gltf/Textures/T_Anisotropy_Direction_Linear.uasset" 1022
"../../../Engine/Plugins/Interchange/Assets/Content/gltf/Textures/T_Anisotropy_Direction_Linear.uexp" 1023
"../../../Engine/Plugins/Interchange/Assets/Content/gltf/MaterialFunctions/MF_SpecularAnisotropy.uasset" 1024
"../../../Engine/Plugins/Interchange/Assets/Content/gltf/MaterialFunctions/MF_SpecularAnisotropy.uexp" 1025
"../../../Engine/Plugins/Interchange/Assets/Content/gltf/MaterialFunctions/MF_Temporal_Blur.uasset" 1026
"../../../Engine/Plugins/Interchange/Assets/Content/gltf/MaterialFunctions/MF_Temporal_Blur.uexp" 1027
"../../../Engine/Plugins/Interchange/Assets/Content/gltf/MaterialFunctions/MF_Transmission.uasset" 1028
"../../../Engine/Plugins/Interchange/Assets/Content/gltf/MaterialFunctions/MF_Transmission.uexp" 1029
"../../../Engine/Plugins/Interchange/Assets/Content/gltf/MaterialBodies/MF_Transmission_Body.uasset" 1030
"../../../Engine/Plugins/Interchange/Assets/Content/gltf/MaterialBodies/MF_Transmission_Body.uexp" 1031
"../../../Engine/Plugins/Interchange/Assets/Content/gltf/M_Transmission.uasset" 1032
"../../../Engine/Plugins/Interchange/Assets/Content/gltf/M_Transmission.uexp" 1033
"../../../Engine/Plugins/Interchange/Assets/Content/gltf/MaterialInstances/MI_Transmission_DS.uasset" 1034
"../../../Engine/Plugins/Interchange/Assets/Content/gltf/MaterialInstances/MI_Transmission_DS.uexp" 1035
"../../../Engine/Plugins/Interchange/Assets/Content/gltf/MaterialInstances/MI_Transmission.uasset" 1036
"../../../Engine/Plugins/Interchange/Assets/Content/gltf/MaterialInstances/MI_Transmission.uexp" 1037
"../../../Engine/Content/Functions/Engine_MaterialFunctions02/Math/AddComponents.uasset" 1038
"../../../Engine/Content/Functions/Engine_MaterialFunctions02/Math/AddComponents.uexp" 1039
"../../../Engine/Plugins/Interchange/Assets/Content/gltf/MaterialFunctions/MF_DiffuseSpecGloss.uasset" 1040
"../../../Engine/Plugins/Interchange/Assets/Content/gltf/MaterialFunctions/MF_DiffuseSpecGloss.uexp" 1041
"../../../Engine/Plugins/Interchange/Assets/Content/gltf/MaterialFunctions/MF_Emissive.uasset" 1042
"../../../Engine/Plugins/Interchange/Assets/Content/gltf/MaterialFunctions/MF_Emissive.uexp" 1043
"../../../Engine/Plugins/Interchange/Assets/Content/gltf/MaterialFunctions/MF_MaxComponentValue.uasset" 1044
"../../../Engine/Plugins/Interchange/Assets/Content/gltf/MaterialFunctions/MF_MaxComponentValue.uexp" 1045
"../../../Engine/Plugins/Interchange/Assets/Content/gltf/MaterialFunctions/MF_PerceivedBrightness.uasset" 1046
"../../../Engine/Plugins/Interchange/Assets/Content/gltf/MaterialFunctions/MF_PerceivedBrightness.uexp" 1047
"../../../Engine/Plugins/Interchange/Assets/Content/gltf/MaterialFunctions/MF_SpecGlossToMetalRoughness.uasset" 1048
"../../../Engine/Plugins/Interchange/Assets/Content/gltf/MaterialFunctions/MF_SpecGlossToMetalRoughness.uexp" 1049
"../../../Engine/Plugins/Interchange/Assets/Content/gltf/MaterialBodies/MF_SpecularGlossiness_Body.uasset" 1050
"../../../Engine/Plugins/Interchange/Assets/Content/gltf/MaterialBodies/MF_SpecularGlossiness_Body.uexp" 1051
"../../../Engine/Plugins/Interchange/Assets/Content/gltf/M_SpecularGlossiness.uasset" 1052
"../../../Engine/Plugins/Interchange/Assets/Content/gltf/M_SpecularGlossiness.uexp" 1053
"../../../Engine/Plugins/Interchange/Assets/Content/gltf/MaterialInstances/MI_SpecularGlossiness_Opaque_DS.uasset" 1054
"../../../Engine/Plugins/Interchange/Assets/Content/gltf/MaterialInstances/MI_SpecularGlossiness_Opaque_DS.uexp" 1055
"../../../Engine/Plugins/Interchange/Assets/Content/gltf/MaterialInstances/MI_SpecularGlossiness_Opaque.uasset" 1056
"../../../Engine/Plugins/Interchange/Assets/Content/gltf/MaterialInstances/MI_SpecularGlossiness_Opaque.uexp" 1057
"../../../Engine/Plugins/Interchange/Assets/Content/gltf/MaterialInstances/MI_SpecularGlossiness_Mask_DS.uasset" 1058
"../../../Engine/Plugins/Interchange/Assets/Content/gltf/MaterialInstances/MI_SpecularGlossiness_Mask_DS.uexp" 1059
"../../../Engine/Plugins/Interchange/Assets/Content/gltf/MaterialInstances/MI_SpecularGlossiness_Mask.uasset" 1060
"../../../Engine/Plugins/Interchange/Assets/Content/gltf/MaterialInstances/MI_SpecularGlossiness_Mask.uexp" 1061
"../../../Engine/Plugins/Interchange/Assets/Content/gltf/MaterialInstances/MI_SpecularGlossiness_Blend_DS.uasset" 1062
"../../../Engine/Plugins/Interchange/Assets/Content/gltf/MaterialInstances/MI_SpecularGlossiness_Blend_DS.uexp" 1063
"../../../Engine/Plugins/Interchange/Assets/Content/gltf/MaterialInstances/MI_SpecularGlossiness_Blend.uasset" 1064
"../../../Engine/Plugins/Interchange/Assets/Content/gltf/MaterialInstances/MI_SpecularGlossiness_Blend.uexp" 1065
"../../../Engine/Plugins/Interchange/Assets/Content/gltf/MaterialFunctions/MF_Sheen.uasset" 1066
"../../../Engine/Plugins/Interchange/Assets/Content/gltf/MaterialFunctions/MF_Sheen.uexp" 1067
"../../../Engine/Plugins/Interchange/Assets/Content/gltf/MaterialBodies/MF_Sheen_Body.uasset" 1068
"../../../Engine/Plugins/Interchange/Assets/Content/gltf/MaterialBodies/MF_Sheen_Body.uexp" 1069
"../../../Engine/Plugins/Interchange/Assets/Content/gltf/M_Sheen.uasset" 1070
"../../../Engine/Plugins/Interchange/Assets/Content/gltf/M_Sheen.uexp" 1071
"../../../Engine/Plugins/Interchange/Assets/Content/gltf/MaterialInstances/MI_Sheen_Opaque_DS.uasset" 1072
"../../../Engine/Plugins/Interchange/Assets/Content/gltf/MaterialInstances/MI_Sheen_Opaque_DS.uexp" 1073
"../../../Engine/Plugins/Interchange/Assets/Content/gltf/MaterialInstances/MI_Sheen_Opaque.uasset" 1074
"../../../Engine/Plugins/Interchange/Assets/Content/gltf/MaterialInstances/MI_Sheen_Opaque.uexp" 1075
"../../../Engine/Plugins/Interchange/Assets/Content/gltf/MaterialInstances/MI_Sheen_Mask_DS.uasset" 1076
"../../../Engine/Plugins/Interchange/Assets/Content/gltf/MaterialInstances/MI_Sheen_Mask_DS.uexp" 1077
"../../../Engine/Plugins/Interchange/Assets/Content/gltf/MaterialInstances/MI_Sheen_Mask.uasset" 1078
"../../../Engine/Plugins/Interchange/Assets/Content/gltf/MaterialInstances/MI_Sheen_Mask.uexp" 1079
"../../../Engine/Plugins/Interchange/Assets/Content/gltf/MaterialInstances/MI_Sheen_Blend_DS.uasset" 1080
"../../../Engine/Plugins/Interchange/Assets/Content/gltf/MaterialInstances/MI_Sheen_Blend_DS.uexp" 1081
"../../../Engine/Plugins/Interchange/Assets/Content/gltf/MaterialInstances/MI_Sheen_Blend.uasset" 1082
"../../../Engine/Plugins/Interchange/Assets/Content/gltf/MaterialInstances/MI_Sheen_Blend.uexp" 1083
"../../../Engine/Plugins/Interchange/Assets/Content/gltf/MaterialBodies/MF_Default_Body.uasset" 1084
"../../../Engine/Plugins/Interchange/Assets/Content/gltf/MaterialBodies/MF_Default_Body.uexp" 1085
"../../../Engine/Plugins/Interchange/Assets/Content/gltf/M_Default.uasset" 1086
"../../../Engine/Plugins/Interchange/Assets/Content/gltf/M_Default.uexp" 1087
"../../../Engine/Plugins/Interchange/Assets/Content/gltf/MaterialInstances/MI_Default_Opaque_DS.uasset" 1088
"../../../Engine/Plugins/Interchange/Assets/Content/gltf/MaterialInstances/MI_Default_Opaque_DS.uexp" 1089
"../../../Engine/Plugins/Interchange/Assets/Content/gltf/MaterialInstances/MI_Default_Opaque.uasset" 1090
"../../../Engine/Plugins/Interchange/Assets/Content/gltf/MaterialInstances/MI_Default_Opaque.uexp" 1091
"../../../Engine/Plugins/Interchange/Assets/Content/gltf/MaterialInstances/MI_Default_Mask_DS.uasset" 1092
"../../../Engine/Plugins/Interchange/Assets/Content/gltf/MaterialInstances/MI_Default_Mask_DS.uexp" 1093
"../../../Engine/Plugins/Interchange/Assets/Content/gltf/MaterialInstances/MI_Default_Mask.uasset" 1094
"../../../Engine/Plugins/Interchange/Assets/Content/gltf/MaterialInstances/MI_Default_Mask.uexp" 1095
"../../../Engine/Plugins/Interchange/Assets/Content/gltf/MaterialInstances/MI_Default_Blend_DS.uasset" 1096
"../../../Engine/Plugins/Interchange/Assets/Content/gltf/MaterialInstances/MI_Default_Blend_DS.uexp" 1097
"../../../Engine/Plugins/Interchange/Assets/Content/gltf/MaterialInstances/MI_Default_Blend.uasset" 1098
"../../../Engine/Plugins/Interchange/Assets/Content/gltf/MaterialInstances/MI_Default_Blend.uexp" 1099
"../../../Engine/Content/Functions/Engine_MaterialFunctions01/Texturing/FlattenNormal.uasset" 1100
"../../../Engine/Content/Functions/Engine_MaterialFunctions01/Texturing/FlattenNormal.uexp" 1101
"../../../Engine/Plugins/Interchange/Assets/Content/gltf/MaterialFunctions/MF_Clearcoat.uasset" 1102
"../../../Engine/Plugins/Interchange/Assets/Content/gltf/MaterialFunctions/MF_Clearcoat.uexp" 1103
"../../../Engine/Plugins/Interchange/Assets/Content/gltf/MaterialBodies/MF_ClearCoat_Body.uasset" 1104
"../../../Engine/Plugins/Interchange/Assets/Content/gltf/MaterialBodies/MF_ClearCoat_Body.uexp" 1105
"../../../Engine/Plugins/Interchange/Assets/Content/gltf/M_ClearCoat.uasset" 1106
"../../../Engine/Plugins/Interchange/Assets/Content/gltf/M_ClearCoat.uexp" 1107
"../../../Engine/Plugins/Interchange/Assets/Content/gltf/MaterialInstances/MI_ClearCoat_Opaque_DS.uasset" 1108
"../../../Engine/Plugins/Interchange/Assets/Content/gltf/MaterialInstances/MI_ClearCoat_Opaque_DS.uexp" 1109
"../../../Engine/Plugins/Interchange/Assets/Content/gltf/MaterialInstances/MI_ClearCoat_Opaque.uasset" 1110
"../../../Engine/Plugins/Interchange/Assets/Content/gltf/MaterialInstances/MI_ClearCoat_Opaque.uexp" 1111
"../../../Engine/Plugins/Interchange/Assets/Content/gltf/MaterialInstances/MI_ClearCoat_Mask_DS.uasset" 1112
"../../../Engine/Plugins/Interchange/Assets/Content/gltf/MaterialInstances/MI_ClearCoat_Mask_DS.uexp" 1113
"../../../Engine/Plugins/Interchange/Assets/Content/gltf/MaterialInstances/MI_ClearCoat_Mask.uasset" 1114
"../../../Engine/Plugins/Interchange/Assets/Content/gltf/MaterialInstances/MI_ClearCoat_Mask.uexp" 1115
"../../../Engine/Plugins/Interchange/Assets/Content/gltf/MaterialInstances/MI_ClearCoat_Blend_DS.uasset" 1116
"../../../Engine/Plugins/Interchange/Assets/Content/gltf/MaterialInstances/MI_ClearCoat_Blend_DS.uexp" 1117
"../../../Engine/Plugins/Interchange/Assets/Content/gltf/MaterialInstances/MI_ClearCoat_Blend.uasset" 1118
"../../../Engine/Plugins/Interchange/Assets/Content/gltf/MaterialInstances/MI_ClearCoat_Blend.uexp" 1119
"../../../Engine/Content/EditorResources/S_Terrain.ubulk" 1120
"../../../Engine/Content/EditorResources/S_Terrain.uasset" 1121
"../../../Engine/Content/EditorResources/S_Terrain.uexp" 1122
"../../../Engine/Content/Functions/Engine_MaterialFunctions02/WorldPositionOffset/ComponentPivotLocation.uasset" 1123
"../../../Engine/Content/Functions/Engine_MaterialFunctions02/WorldPositionOffset/ComponentPivotLocation.uexp" 1124
"../../../Engine/Content/Functions/Engine_MaterialFunctions02/WorldPositionOffset/V2/ObjectScale.uasset" 1125
"../../../Engine/Content/Functions/Engine_MaterialFunctions02/WorldPositionOffset/V2/ObjectScale.uexp" 1126
"../../../Engine/Content/Functions/Engine_MaterialFunctions02/WorldPositionOffset/Sprite.uasset" 1127
"../../../Engine/Content/Functions/Engine_MaterialFunctions02/WorldPositionOffset/Sprite.uexp" 1128
"../../../Engine/Plugins/Experimental/Landmass/Content/Landscape/BlueprintBrushes/Materials/Sprite/M_BrushSprite_01.uasset" 1129
"../../../Engine/Plugins/Experimental/Landmass/Content/Landscape/BlueprintBrushes/Materials/Sprite/M_BrushSprite_01.uexp" 1130
"../../../Engine/Content/EditorMaterials/TilingAALineIntegral.uasset" 1131
"../../../Engine/Content/EditorMaterials/TilingAALineIntegral.uexp" 1132
"../../../Engine/Content/EditorMaterials/TilingAALineBoxFiltered.uasset" 1133
"../../../Engine/Content/EditorMaterials/TilingAALineBoxFiltered.uexp" 1134
"../../../Engine/Content/Functions/Engine_MaterialFunctions03/Procedurals/ComputeFilterWidth.uasset" 1135
"../../../Engine/Content/Functions/Engine_MaterialFunctions03/Procedurals/ComputeFilterWidth.uexp" 1136
"../../../Engine/Content/EngineMaterials/BlendFunc_DefBlend.uasset" 1137
"../../../Engine/Content/EngineMaterials/BlendFunc_DefBlend.uexp" 1138
"../../../Engine/Content/EngineMaterials/BlendFunc_DefBase.uasset" 1139
"../../../Engine/Content/EngineMaterials/BlendFunc_DefBase.uexp" 1140
"../../../Engine/Content/Functions/Engine_MaterialFunctions03/Blends/Blend_Screen.uasset" 1141
"../../../Engine/Content/Functions/Engine_MaterialFunctions03/Blends/Blend_Screen.uexp" 1142
"../../../Engine/Content/EditorMaterials/TilingAAGrid.uasset" 1143
"../../../Engine/Content/EditorMaterials/TilingAAGrid.uexp" 1144
"../../../Engine/Content/EngineResources/Black_Low.uasset" 1145
"../../../Engine/Content/EngineResources/Black_Low.uexp" 1146
"../../../Engine/Plugins/Experimental/Landmass/Content/Landscape/BlueprintBrushes/MPC/MPC_Landscape.uasset" 1147
"../../../Engine/Plugins/Experimental/Landmass/Content/Landscape/BlueprintBrushes/MPC/MPC_Landscape.uexp" 1148
"../../../Engine/Content/ArtTools/RenderToTexture/Textures/T_EV_BlankWhite_01.uasset" 1149
"../../../Engine/Content/ArtTools/RenderToTexture/Textures/T_EV_BlankWhite_01.uexp" 1150
"../../../Engine/Content/Functions/Engine_MaterialFunctions01/ImageAdjustment/SCurve.uasset" 1151
"../../../Engine/Content/Functions/Engine_MaterialFunctions01/ImageAdjustment/SCurve.uexp" 1152
"../../../Engine/Plugins/Experimental/Landmass/Content/Landscape/OldPrototype_BP/Mats/MF/UnpackRG8Height.uasset" 1153
"../../../Engine/Plugins/Experimental/Landmass/Content/Landscape/OldPrototype_BP/Mats/MF/UnpackRG8Height.uexp" 1154
"../../../Engine/Plugins/Experimental/Landmass/Content/Landscape/BlueprintBrushes/MF/LandmassBrush_UVs.uasset" 1155
"../../../Engine/Plugins/Experimental/Landmass/Content/Landscape/BlueprintBrushes/MF/LandmassBrush_UVs.uexp" 1156
"../../../Engine/Plugins/Experimental/Landmass/Content/Landscape/BlueprintBrushes/MF/Landmass_BrushTilt.uasset" 1157
"../../../Engine/Plugins/Experimental/Landmass/Content/Landscape/BlueprintBrushes/MF/Landmass_BrushTilt.uexp" 1158
"../../../Engine/Plugins/Experimental/Landmass/Content/Landscape/BlueprintBrushes/MF/LandmassBrush_EdgeFalloff.uasset" 1159
"../../../Engine/Plugins/Experimental/Landmass/Content/Landscape/BlueprintBrushes/MF/LandmassBrush_EdgeFalloff.uexp" 1160
"../../../Engine/Plugins/Experimental/Landmass/Content/Landscape/BlueprintBrushes/MF/LandmassBrush_Noise.uasset" 1161
"../../../Engine/Plugins/Experimental/Landmass/Content/Landscape/BlueprintBrushes/MF/LandmassBrush_Noise.uexp" 1162
"../../../Engine/Plugins/Experimental/Landmass/Content/Landscape/BlueprintBrushes/MF/PointSampleLandscapeUVs.uasset" 1163
"../../../Engine/Plugins/Experimental/Landmass/Content/Landscape/BlueprintBrushes/MF/PointSampleLandscapeUVs.uexp" 1164
"../../../Engine/Plugins/Experimental/Landmass/Content/Landscape/BlueprintBrushes/Materials/BrushMaterials/BasicFunctions/LandmassBrush_ShapeMask.uasset" 1165
"../../../Engine/Plugins/Experimental/Landmass/Content/Landscape/BlueprintBrushes/Materials/BrushMaterials/BasicFunctions/LandmassBrush_ShapeMask.uexp" 1166
"../../../Engine/Plugins/Experimental/Landmass/Content/Landscape/BlueprintBrushes/Materials/Internal/BrushBounds.uasset" 1167
"../../../Engine/Plugins/Experimental/Landmass/Content/Landscape/BlueprintBrushes/Materials/Internal/BrushBounds.uexp" 1168
"../../../Engine/Plugins/Animation/DeformerGraph/Content/DeformerFunctions/DG_Function_LinearBlendSkin_Morph_Cloth.uasset" 1169
"../../../Engine/Plugins/Animation/DeformerGraph/Content/DeformerFunctions/DG_Function_LinearBlendSkin_Morph_Cloth.uexp" 1170
"../../../Engine/Plugins/Animation/DeformerGraph/Content/Deformers/DG_LinearBlendSkin_Morph_Cloth.uasset" 1171
"../../../Engine/Plugins/Animation/DeformerGraph/Content/Deformers/DG_LinearBlendSkin_Morph_Cloth.uexp" 1172
"../../../Engine/Plugins/Animation/DeformerGraph/Content/DeformerFunctions/DG_Function_LinearBlendSkin_Morph_Cloth_PositionOnly.uasset" 1173
"../../../Engine/Plugins/Animation/DeformerGraph/Content/DeformerFunctions/DG_Function_LinearBlendSkin_Morph_Cloth_PositionOnly.uexp" 1174
"../../../Engine/Plugins/Animation/DeformerGraph/Content/DeformerFunctions/DG_Function_ComputeNormalsTangents.uasset" 1175
"../../../Engine/Plugins/Animation/DeformerGraph/Content/DeformerFunctions/DG_Function_ComputeNormalsTangents.uexp" 1176
"../../../Engine/Plugins/Animation/DeformerGraph/Content/Deformers/DG_LinearBlendSkin_Morph_Cloth_RecomputeNormals.uasset" 1177
"../../../Engine/Plugins/Animation/DeformerGraph/Content/Deformers/DG_LinearBlendSkin_Morph_Cloth_RecomputeNormals.uexp" 1178
"../../../Engine/Plugins/NNE/NNEDenoiser/Content/NNEDT_Oidn2-3_Balanced.uasset" 1179
"../../../Engine/Plugins/NNE/NNEDenoiser/Content/NNEDT_Oidn2-3_Balanced.uexp" 1180
"../../../Engine/Plugins/NNE/NNEDenoiser/Content/NNEDT_Oidn2-3_Balanced_Alpha.uasset" 1181
"../../../Engine/Plugins/NNE/NNEDenoiser/Content/NNEDT_Oidn2-3_Balanced_Alpha.uexp" 1182
"../../../Engine/Plugins/NNE/NNEDenoiser/Content/NNED_Oidn2-3_Balanced.uasset" 1183
"../../../Engine/Plugins/NNE/NNEDenoiser/Content/NNED_Oidn2-3_Balanced.uexp" 1184
"../../../Engine/Plugins/NNE/NNEDenoiser/Content/NNED_Oidn2-3_Balanced_Alpha.uasset" 1185
"../../../Engine/Plugins/NNE/NNEDenoiser/Content/NNED_Oidn2-3_Balanced_Alpha.uexp" 1186
"../../../Engine/Plugins/NNE/NNEDenoiser/Content/NNED_Oidn2-3_Fast.uasset" 1187
"../../../Engine/Plugins/NNE/NNEDenoiser/Content/NNED_Oidn2-3_Fast.uexp" 1188
"../../../Engine/Plugins/NNE/NNEDenoiser/Content/NNED_Oidn2-3_Fast_Alpha.uasset" 1189
"../../../Engine/Plugins/NNE/NNEDenoiser/Content/NNED_Oidn2-3_Fast_Alpha.uexp" 1190
"../../../Engine/Plugins/NNE/NNEDenoiser/Content/NNED_Oidn2-3_HighQuality.uasset" 1191
"../../../Engine/Plugins/NNE/NNEDenoiser/Content/NNED_Oidn2-3_HighQuality.uexp" 1192
"../../../Engine/Plugins/NNE/NNEDenoiser/Content/NNED_Oidn2-3_HighQuality_Alpha.uasset" 1193
"../../../Engine/Plugins/NNE/NNEDenoiser/Content/NNED_Oidn2-3_HighQuality_Alpha.uexp" 1194
"../../../Engine/Content/BasicShapes/Cube.ubulk" 1195
"../../../Engine/Content/BasicShapes/Cube.uasset" 1196
"../../../Engine/Content/BasicShapes/Cube.uexp" 1197
"../../../Engine/Content/BasicShapes/Plane.ubulk" 1198
"../../../Engine/Content/BasicShapes/Plane.uasset" 1199
"../../../Engine/Content/BasicShapes/Plane.uexp" 1200
"../../../Engine/Content/MapTemplates/SM_Template_Map_Floor.ubulk" 1201
"../../../Engine/Content/MapTemplates/SM_Template_Map_Floor.uasset" 1202
"../../../Engine/Content/MapTemplates/SM_Template_Map_Floor.uexp" 1203
"../../../Engine/Content/EngineSky/T_Sky_Stars.ubulk" 1204
"../../../Engine/Content/EngineSky/T_Sky_Stars.uasset" 1205
"../../../Engine/Content/EngineSky/T_Sky_Stars.uexp" 1206
"../../../Engine/Content/EngineSky/T_Sky_Clouds_M.ubulk" 1207
"../../../Engine/Content/EngineSky/T_Sky_Clouds_M.uasset" 1208
"../../../Engine/Content/EngineSky/T_Sky_Clouds_M.uexp" 1209
"../../../Engine/Content/EngineSky/T_Sky_Blue.ubulk" 1210
"../../../Engine/Content/EngineSky/T_Sky_Blue.uasset" 1211
"../../../Engine/Content/EngineSky/T_Sky_Blue.uexp" 1212
"../../../Engine/Content/EngineSky/M_Sky_Panning_Clouds2.uasset" 1213
"../../../Engine/Content/EngineSky/M_Sky_Panning_Clouds2.uexp" 1214
"../../../Engine/Content/EngineSky/SM_SkySphere.ubulk" 1215
"../../../Engine/Content/EngineSky/SM_SkySphere.uasset" 1216
"../../../Engine/Content/EngineSky/SM_SkySphere.uexp" 1217
"../../../Engine/Content/EngineSky/M_SimpleSkyDome.uasset" 1218
"../../../Engine/Content/EngineSky/M_SimpleSkyDome.uexp" 1219
"../../../Engine/Content/EngineSky/VolumetricClouds/VT_PerlinWorley_Balanced.uasset" 1220
"../../../Engine/Content/EngineSky/VolumetricClouds/VT_PerlinWorley_Balanced.uexp" 1221
"../../../Engine/Content/EngineSky/VolumetricClouds/T_Profile_08.ubulk" 1222
"../../../Engine/Content/EngineSky/VolumetricClouds/T_Profile_08.uasset" 1223
"../../../Engine/Content/EngineSky/VolumetricClouds/T_Profile_08.uexp" 1224
"../../../Engine/Content/EngineSky/VolumetricClouds/T_CloudPattern.ubulk" 1225
"../../../Engine/Content/EngineSky/VolumetricClouds/T_CloudPattern.uasset" 1226
"../../../Engine/Content/EngineSky/VolumetricClouds/T_CloudPattern.uexp" 1227
"../../../Engine/Content/EngineSky/VolumetricClouds/T_CloudMask.ubulk" 1228
"../../../Engine/Content/EngineSky/VolumetricClouds/T_CloudMask.uasset" 1229
"../../../Engine/Content/EngineSky/VolumetricClouds/T_CloudMask.uexp" 1230
"../../../Engine/Content/Functions/Engine_MaterialFunctions02/Utility/BreakOutFloat4Components.uasset" 1231
"../../../Engine/Content/Functions/Engine_MaterialFunctions02/Utility/BreakOutFloat4Components.uexp" 1232
"../../../Engine/Content/Functions/Engine_MaterialFunctions02/Utility/MakeFloat4.uasset" 1233
"../../../Engine/Content/Functions/Engine_MaterialFunctions02/Utility/MakeFloat4.uexp" 1234
"../../../Engine/Content/EngineResources/DefaultVolumeTexture2D.uasset" 1235
"../../../Engine/Content/EngineResources/DefaultVolumeTexture2D.uexp" 1236
"../../../Engine/Content/EngineResources/DefaultVolumeTexture.uasset" 1237
"../../../Engine/Content/EngineResources/DefaultVolumeTexture.uexp" 1238
"../../../Engine/Content/EngineSky/VolumetricClouds/VT_Lightning.uasset" 1239
"../../../Engine/Content/EngineSky/VolumetricClouds/VT_Lightning.uexp" 1240
"../../../Engine/Content/Functions/Engine_MaterialFunctions01/Units/Km-to-Cm.uasset" 1241
"../../../Engine/Content/Functions/Engine_MaterialFunctions01/Units/Km-to-Cm.uexp" 1242
"../../../Engine/Content/EngineSky/VolumetricClouds/m_SimpleVolumetricCloud.uasset" 1243
"../../../Engine/Content/EngineSky/VolumetricClouds/m_SimpleVolumetricCloud.uexp" 1244
"../../../Engine/Content/EngineSky/VolumetricClouds/m_SimpleVolumetricCloud_Inst.uasset" 1245
"../../../Engine/Content/EngineSky/VolumetricClouds/m_SimpleVolumetricCloud_Inst.uexp" 1246
"D:/GitDdrive/DavidsMightyMenRepo/Content/Material/Wood/Wood_Mine__OcclusionRoughnessMetallic.ubulk" 1247
"D:/GitDdrive/DavidsMightyMenRepo/Content/Material/Wood/Wood_Mine__OcclusionRoughnessMetallic.uasset" 1248
"D:/GitDdrive/DavidsMightyMenRepo/Content/Material/Wood/Wood_Mine__OcclusionRoughnessMetallic.uexp" 1249
"D:/GitDdrive/DavidsMightyMenRepo/Content/Material/Wood/Wood_Mine__Normal.ubulk" 1250
"D:/GitDdrive/DavidsMightyMenRepo/Content/Material/Wood/Wood_Mine__Normal.uasset" 1251
"D:/GitDdrive/DavidsMightyMenRepo/Content/Material/Wood/Wood_Mine__Normal.uexp" 1252
"D:/GitDdrive/DavidsMightyMenRepo/Content/Material/Wood/Wood_Mine__Emissive.ubulk" 1253
"D:/GitDdrive/DavidsMightyMenRepo/Content/Material/Wood/Wood_Mine__Emissive.uasset" 1254
"D:/GitDdrive/DavidsMightyMenRepo/Content/Material/Wood/Wood_Mine__Emissive.uexp" 1255
"D:/GitDdrive/DavidsMightyMenRepo/Content/Material/Wood/Wood_Mine__BaseColor.ubulk" 1256
"D:/GitDdrive/DavidsMightyMenRepo/Content/Material/Wood/Wood_Mine__BaseColor.uasset" 1257
"D:/GitDdrive/DavidsMightyMenRepo/Content/Material/Wood/Wood_Mine__BaseColor.uexp" 1258
"D:/GitDdrive/DavidsMightyMenRepo/Content/Material/Wood/Wood.uasset" 1259
"D:/GitDdrive/DavidsMightyMenRepo/Content/Material/Wood/Wood.uexp" 1260
"D:/GitDdrive/DavidsMightyMenRepo/Content/Material/Sand/Sand_OcclusionRoughnessMetallic.ubulk" 1261
"D:/GitDdrive/DavidsMightyMenRepo/Content/Material/Sand/Sand_OcclusionRoughnessMetallic.uasset" 1262
"D:/GitDdrive/DavidsMightyMenRepo/Content/Material/Sand/Sand_OcclusionRoughnessMetallic.uexp" 1263
"D:/GitDdrive/DavidsMightyMenRepo/Content/Material/Sand/Sand_Normal.ubulk" 1264
"D:/GitDdrive/DavidsMightyMenRepo/Content/Material/Sand/Sand_Normal.uasset" 1265
"D:/GitDdrive/DavidsMightyMenRepo/Content/Material/Sand/Sand_Normal.uexp" 1266
"D:/GitDdrive/DavidsMightyMenRepo/Content/Material/Sand/Sand_BaseColor.ubulk" 1267
"D:/GitDdrive/DavidsMightyMenRepo/Content/Material/Sand/Sand_BaseColor.uasset" 1268
"D:/GitDdrive/DavidsMightyMenRepo/Content/Material/Sand/Sand_BaseColor.uexp" 1269
"D:/GitDdrive/DavidsMightyMenRepo/Content/Material/Sand/Sand.uasset" 1270
"D:/GitDdrive/DavidsMightyMenRepo/Content/Material/Sand/Sand.uexp" 1271
"D:/GitDdrive/DavidsMightyMenRepo/Content/Material/Cobble_Stone/Cobble_Stone_OcclusionRoughnessMetallic.ubulk" 1272
"D:/GitDdrive/DavidsMightyMenRepo/Content/Material/Cobble_Stone/Cobble_Stone_OcclusionRoughnessMetallic.uasset" 1273
"D:/GitDdrive/DavidsMightyMenRepo/Content/Material/Cobble_Stone/Cobble_Stone_OcclusionRoughnessMetallic.uexp" 1274
"D:/GitDdrive/DavidsMightyMenRepo/Content/Material/Cobble_Stone/Cobble_Stone_Normal.ubulk" 1275
"D:/GitDdrive/DavidsMightyMenRepo/Content/Material/Cobble_Stone/Cobble_Stone_Normal.uasset" 1276
"D:/GitDdrive/DavidsMightyMenRepo/Content/Material/Cobble_Stone/Cobble_Stone_Normal.uexp" 1277
"D:/GitDdrive/DavidsMightyMenRepo/Content/Material/Cobble_Stone/Cobble_Stone_Emissive.ubulk" 1278
"D:/GitDdrive/DavidsMightyMenRepo/Content/Material/Cobble_Stone/Cobble_Stone_Emissive.uasset" 1279
"D:/GitDdrive/DavidsMightyMenRepo/Content/Material/Cobble_Stone/Cobble_Stone_Emissive.uexp" 1280
"D:/GitDdrive/DavidsMightyMenRepo/Content/Material/Cobble_Stone/Cobble_Stone_Displacement.ubulk" 1281
"D:/GitDdrive/DavidsMightyMenRepo/Content/Material/Cobble_Stone/Cobble_Stone_Displacement.uasset" 1282
"D:/GitDdrive/DavidsMightyMenRepo/Content/Material/Cobble_Stone/Cobble_Stone_Displacement.uexp" 1283
"D:/GitDdrive/DavidsMightyMenRepo/Content/Material/Cobble_Stone/Cobble_Stone_BaseColor.ubulk" 1284
"D:/GitDdrive/DavidsMightyMenRepo/Content/Material/Cobble_Stone/Cobble_Stone_BaseColor.uasset" 1285
"D:/GitDdrive/DavidsMightyMenRepo/Content/Material/Cobble_Stone/Cobble_Stone_BaseColor.uexp" 1286
"D:/GitDdrive/DavidsMightyMenRepo/Content/Material/Cobble_Stone/Cobble_Stone.uasset" 1287
"D:/GitDdrive/DavidsMightyMenRepo/Content/Material/Cobble_Stone/Cobble_Stone.uexp" 1288
"D:/GitDdrive/DavidsMightyMenRepo/Content/FBX/Crate/Wooden_Crate_Body_OcclusionRoughnessMetallic_Raw.ubulk" 1289
"D:/GitDdrive/DavidsMightyMenRepo/Content/FBX/Crate/Wooden_Crate_Body_OcclusionRoughnessMetallic_Raw.uasset" 1290
"D:/GitDdrive/DavidsMightyMenRepo/Content/FBX/Crate/Wooden_Crate_Body_OcclusionRoughnessMetallic_Raw.uexp" 1291
"D:/GitDdrive/DavidsMightyMenRepo/Content/FBX/Crate/Wooden_Crate_Body_Normal_Raw.ubulk" 1292
"D:/GitDdrive/DavidsMightyMenRepo/Content/FBX/Crate/Wooden_Crate_Body_Normal_Raw.uasset" 1293
"D:/GitDdrive/DavidsMightyMenRepo/Content/FBX/Crate/Wooden_Crate_Body_Normal_Raw.uexp" 1294
"D:/GitDdrive/DavidsMightyMenRepo/Content/FBX/Crate/Wooden_Crate_Body_BaseColor_sRGB.ubulk" 1295
"D:/GitDdrive/DavidsMightyMenRepo/Content/FBX/Crate/Wooden_Crate_Body_BaseColor_sRGB.uasset" 1296
"D:/GitDdrive/DavidsMightyMenRepo/Content/FBX/Crate/Wooden_Crate_Body_BaseColor_sRGB.uexp" 1297
"D:/GitDdrive/DavidsMightyMenRepo/Content/FBX/Crate/Body.uasset" 1298
"D:/GitDdrive/DavidsMightyMenRepo/Content/FBX/Crate/Body.uexp" 1299
"D:/GitDdrive/DavidsMightyMenRepo/Content/FBX/Crate/Wooden_Crate_Legs_OcclusionRoughnessMetallic_Raw.ubulk" 1300
"D:/GitDdrive/DavidsMightyMenRepo/Content/FBX/Crate/Wooden_Crate_Legs_OcclusionRoughnessMetallic_Raw.uasset" 1301
"D:/GitDdrive/DavidsMightyMenRepo/Content/FBX/Crate/Wooden_Crate_Legs_OcclusionRoughnessMetallic_Raw.uexp" 1302
"D:/GitDdrive/DavidsMightyMenRepo/Content/FBX/Crate/Wooden_Crate_Legs_Normal_Raw.ubulk" 1303
"D:/GitDdrive/DavidsMightyMenRepo/Content/FBX/Crate/Wooden_Crate_Legs_Normal_Raw.uasset" 1304
"D:/GitDdrive/DavidsMightyMenRepo/Content/FBX/Crate/Wooden_Crate_Legs_Normal_Raw.uexp" 1305
"D:/GitDdrive/DavidsMightyMenRepo/Content/FBX/Crate/Wooden_Crate_Legs_BaseColor_sRGB.ubulk" 1306
"D:/GitDdrive/DavidsMightyMenRepo/Content/FBX/Crate/Wooden_Crate_Legs_BaseColor_sRGB.uasset" 1307
"D:/GitDdrive/DavidsMightyMenRepo/Content/FBX/Crate/Wooden_Crate_Legs_BaseColor_sRGB.uexp" 1308
"D:/GitDdrive/DavidsMightyMenRepo/Content/FBX/Crate/Legs.uasset" 1309
"D:/GitDdrive/DavidsMightyMenRepo/Content/FBX/Crate/Legs.uexp" 1310
"D:/GitDdrive/DavidsMightyMenRepo/Content/FBX/Crate/Wooden_Crate_Tops_OcclusionRoughnessMetallic_Raw.ubulk" 1311
"D:/GitDdrive/DavidsMightyMenRepo/Content/FBX/Crate/Wooden_Crate_Tops_OcclusionRoughnessMetallic_Raw.uasset" 1312
"D:/GitDdrive/DavidsMightyMenRepo/Content/FBX/Crate/Wooden_Crate_Tops_OcclusionRoughnessMetallic_Raw.uexp" 1313
"D:/GitDdrive/DavidsMightyMenRepo/Content/FBX/Crate/Wooden_Crate_Tops_Normal_Raw.ubulk" 1314
"D:/GitDdrive/DavidsMightyMenRepo/Content/FBX/Crate/Wooden_Crate_Tops_Normal_Raw.uasset" 1315
"D:/GitDdrive/DavidsMightyMenRepo/Content/FBX/Crate/Wooden_Crate_Tops_Normal_Raw.uexp" 1316
"D:/GitDdrive/DavidsMightyMenRepo/Content/FBX/Crate/Wooden_Crate_Tops_BaseColor_sRGB.ubulk" 1317
"D:/GitDdrive/DavidsMightyMenRepo/Content/FBX/Crate/Wooden_Crate_Tops_BaseColor_sRGB.uasset" 1318
"D:/GitDdrive/DavidsMightyMenRepo/Content/FBX/Crate/Wooden_Crate_Tops_BaseColor_sRGB.uexp" 1319
"D:/GitDdrive/DavidsMightyMenRepo/Content/FBX/Crate/Top.uasset" 1320
"D:/GitDdrive/DavidsMightyMenRepo/Content/FBX/Crate/Top.uexp" 1321
"D:/GitDdrive/DavidsMightyMenRepo/Content/FBX/Crate/Wooden_Crate.ubulk" 1322
"D:/GitDdrive/DavidsMightyMenRepo/Content/FBX/Crate/Wooden_Crate.uasset" 1323
"D:/GitDdrive/DavidsMightyMenRepo/Content/FBX/Crate/Wooden_Crate.uexp" 1324
"D:/GitDdrive/DavidsMightyMenRepo/Content/FBX/Barrel/Wooden_Barrel_Ends_OcclusionRoughnessMetallic_Raw.ubulk" 1325
"D:/GitDdrive/DavidsMightyMenRepo/Content/FBX/Barrel/Wooden_Barrel_Ends_OcclusionRoughnessMetallic_Raw.uasset" 1326
"D:/GitDdrive/DavidsMightyMenRepo/Content/FBX/Barrel/Wooden_Barrel_Ends_OcclusionRoughnessMetallic_Raw.uexp" 1327
"D:/GitDdrive/DavidsMightyMenRepo/Content/FBX/Barrel/Wooden_Barrel_Ends_Normal_Raw.ubulk" 1328
"D:/GitDdrive/DavidsMightyMenRepo/Content/FBX/Barrel/Wooden_Barrel_Ends_Normal_Raw.uasset" 1329
"D:/GitDdrive/DavidsMightyMenRepo/Content/FBX/Barrel/Wooden_Barrel_Ends_Normal_Raw.uexp" 1330
"D:/GitDdrive/DavidsMightyMenRepo/Content/FBX/Barrel/Wooden_Barrel_Ends_BaseColor_sRGB.ubulk" 1331
"D:/GitDdrive/DavidsMightyMenRepo/Content/FBX/Barrel/Wooden_Barrel_Ends_BaseColor_sRGB.uasset" 1332
"D:/GitDdrive/DavidsMightyMenRepo/Content/FBX/Barrel/Wooden_Barrel_Ends_BaseColor_sRGB.uexp" 1333
"D:/GitDdrive/DavidsMightyMenRepo/Content/FBX/Barrel/Ends.uasset" 1334
"D:/GitDdrive/DavidsMightyMenRepo/Content/FBX/Barrel/Ends.uexp" 1335
"D:/GitDdrive/DavidsMightyMenRepo/Content/FBX/Barrel/Wooden_Barrel_Body_OcclusionRoughnessMetallic_Raw.ubulk" 1336
"D:/GitDdrive/DavidsMightyMenRepo/Content/FBX/Barrel/Wooden_Barrel_Body_OcclusionRoughnessMetallic_Raw.uasset" 1337
"D:/GitDdrive/DavidsMightyMenRepo/Content/FBX/Barrel/Wooden_Barrel_Body_OcclusionRoughnessMetallic_Raw.uexp" 1338
"D:/GitDdrive/DavidsMightyMenRepo/Content/FBX/Barrel/Wooden_Barrel_Body_Normal_Raw.ubulk" 1339
"D:/GitDdrive/DavidsMightyMenRepo/Content/FBX/Barrel/Wooden_Barrel_Body_Normal_Raw.uasset" 1340
"D:/GitDdrive/DavidsMightyMenRepo/Content/FBX/Barrel/Wooden_Barrel_Body_Normal_Raw.uexp" 1341
"D:/GitDdrive/DavidsMightyMenRepo/Content/FBX/Barrel/Wooden_Barrel_Body_BaseColor_sRGB.ubulk" 1342
"D:/GitDdrive/DavidsMightyMenRepo/Content/FBX/Barrel/Wooden_Barrel_Body_BaseColor_sRGB.uasset" 1343
"D:/GitDdrive/DavidsMightyMenRepo/Content/FBX/Barrel/Wooden_Barrel_Body_BaseColor_sRGB.uexp" 1344
"D:/GitDdrive/DavidsMightyMenRepo/Content/FBX/Barrel/Body.uasset" 1345
"D:/GitDdrive/DavidsMightyMenRepo/Content/FBX/Barrel/Body.uexp" 1346
"D:/GitDdrive/DavidsMightyMenRepo/Content/FBX/Barrel/Wooden_Barrel_Bars_OcclusionRoughnessMetallic_Raw.ubulk" 1347
"D:/GitDdrive/DavidsMightyMenRepo/Content/FBX/Barrel/Wooden_Barrel_Bars_OcclusionRoughnessMetallic_Raw.uasset" 1348
"D:/GitDdrive/DavidsMightyMenRepo/Content/FBX/Barrel/Wooden_Barrel_Bars_OcclusionRoughnessMetallic_Raw.uexp" 1349
"D:/GitDdrive/DavidsMightyMenRepo/Content/FBX/Barrel/Wooden_Barrel_Bars_Normal_Raw.ubulk" 1350
"D:/GitDdrive/DavidsMightyMenRepo/Content/FBX/Barrel/Wooden_Barrel_Bars_Normal_Raw.uasset" 1351
"D:/GitDdrive/DavidsMightyMenRepo/Content/FBX/Barrel/Wooden_Barrel_Bars_Normal_Raw.uexp" 1352
"D:/GitDdrive/DavidsMightyMenRepo/Content/FBX/Barrel/Wooden_Barrel_Bars_BaseColor_sRGB.ubulk" 1353
"D:/GitDdrive/DavidsMightyMenRepo/Content/FBX/Barrel/Wooden_Barrel_Bars_BaseColor_sRGB.uasset" 1354
"D:/GitDdrive/DavidsMightyMenRepo/Content/FBX/Barrel/Wooden_Barrel_Bars_BaseColor_sRGB.uexp" 1355
"D:/GitDdrive/DavidsMightyMenRepo/Content/FBX/Barrel/Bars.uasset" 1356
"D:/GitDdrive/DavidsMightyMenRepo/Content/FBX/Barrel/Bars.uexp" 1357
"D:/GitDdrive/DavidsMightyMenRepo/Content/FBX/Barrel/Wooden_Barrel.ubulk" 1358
"D:/GitDdrive/DavidsMightyMenRepo/Content/FBX/Barrel/Wooden_Barrel.uasset" 1359
"D:/GitDdrive/DavidsMightyMenRepo/Content/FBX/Barrel/Wooden_Barrel.uexp" 1360
"D:/GitDdrive/DavidsMightyMenRepo/Content/Levels/AshArtTest.uexp" 1361
"D:/GitDdrive/DavidsMightyMenRepo/Content/Levels/AshArtTest.umap" 1362
"../../../Engine/Content/BasicShapes/BasicShapeMaterial.uasset" 1363
"../../../Engine/Content/BasicShapes/BasicShapeMaterial.uexp" 1364
"D:/GitDdrive/DavidsMightyMenRepo/Content/ThirdPerson/Blueprints/BP_Allies.uasset" 1365
"D:/GitDdrive/DavidsMightyMenRepo/Content/ThirdPerson/Blueprints/BP_Allies.uexp" 1366
"D:/GitDdrive/DavidsMightyMenRepo/Content/UI/Intro_cine_text.uasset" 1367
"D:/GitDdrive/DavidsMightyMenRepo/Content/UI/Intro_cine_text.uexp" 1368
"D:/GitDdrive/DavidsMightyMenRepo/Content/UI/Intro_Cine_Date_Text.uasset" 1369
"D:/GitDdrive/DavidsMightyMenRepo/Content/UI/Intro_Cine_Date_Text.uexp" 1370
"D:/GitDdrive/DavidsMightyMenRepo/Content/Sound_Music/Untitled_1_.ubulk" 1371
"D:/GitDdrive/DavidsMightyMenRepo/Content/Sound_Music/Untitled_1_.uasset" 1372
"D:/GitDdrive/DavidsMightyMenRepo/Content/Sound_Music/Untitled_1_.uexp" 1373
"D:/GitDdrive/DavidsMightyMenRepo/Content/Characters/Mannequins/Anims/Unarmed/Walk/MF_Unarmed_Walk_Fwd.uasset" 1374
"D:/GitDdrive/DavidsMightyMenRepo/Content/Characters/Mannequins/Anims/Unarmed/Walk/MF_Unarmed_Walk_Fwd.uexp" 1375
"D:/GitDdrive/DavidsMightyMenRepo/Content/CutSceneCinematics/Intro_Transition.uasset" 1376
"D:/GitDdrive/DavidsMightyMenRepo/Content/CutSceneCinematics/Intro_Transition.uexp" 1377
"D:/GitDdrive/DavidsMightyMenRepo/Content/Levels/GameplayProto.uexp" 1378
"D:/GitDdrive/DavidsMightyMenRepo/Content/Levels/GameplayProto.umap" 1379
"../../../Engine/Content/Functions/Engine_MaterialFunctions03/Blends/Blend_Overlay.uasset" 1380
"../../../Engine/Content/Functions/Engine_MaterialFunctions03/Blends/Blend_Overlay.uexp" 1381
"../../../Engine/Content/OpenWorldTemplate/LandscapeMaterial/T_GridChecker_A.ubulk" 1382
"../../../Engine/Content/OpenWorldTemplate/LandscapeMaterial/T_GridChecker_A.uasset" 1383
"../../../Engine/Content/OpenWorldTemplate/LandscapeMaterial/T_GridChecker_A.uexp" 1384
"../../../Engine/Content/Functions/Engine_MaterialFunctions01/Gradient/LinearGradient.uasset" 1385
"../../../Engine/Content/Functions/Engine_MaterialFunctions01/Gradient/LinearGradient.uexp" 1386
"../../../Engine/Content/Functions/Engine_MaterialFunctions01/ImageAdjustment/CheapContrast.uasset" 1387
"../../../Engine/Content/Functions/Engine_MaterialFunctions01/ImageAdjustment/CheapContrast.uexp" 1388
"../../../Engine/Content/OpenWorldTemplate/LandscapeMaterial/MF_ProcGrid.uasset" 1389
"../../../Engine/Content/OpenWorldTemplate/LandscapeMaterial/MF_ProcGrid.uexp" 1390
"../../../Engine/Content/OpenWorldTemplate/LandscapeMaterial/M_ProcGrid.uasset" 1391
"../../../Engine/Content/OpenWorldTemplate/LandscapeMaterial/M_ProcGrid.uexp" 1392
"../../../Engine/Content/OpenWorldTemplate/LandscapeMaterial/MI_ProcGrid.uasset" 1393
"../../../Engine/Content/OpenWorldTemplate/LandscapeMaterial/MI_ProcGrid.uexp" 1394
"D:/GitDdrive/DavidsMightyMenRepo/Content/Levels/AnimSetup.uexp" 1395
"D:/GitDdrive/DavidsMightyMenRepo/Content/Levels/AnimSetup.umap" 1396
"../../../Engine/Content/Maps/Entry_BuiltData.uasset" 1397
"../../../Engine/Content/Maps/Entry_BuiltData.uexp" 1398
"../../../Engine/Content/Maps/Entry.uexp" 1399
"../../../Engine/Content/Maps/Entry.umap" 1400
"D:/GitDdrive/DavidsMightyMenRepo/Content/Levels/SL/Post_Processing_City.uexp" 1401
"D:/GitDdrive/DavidsMightyMenRepo/Content/Levels/SL/Post_Processing_City.umap" 1402
"D:/GitDdrive/DavidsMightyMenRepo/Content/Levels/SL/Lighting_Day.uexp" 1403
"D:/GitDdrive/DavidsMightyMenRepo/Content/Levels/SL/Lighting_Day.umap" 1404
"../../../Engine/Content/EngineMaterials/DefaultPhysicalMaterial.uasset" 1405
"../../../Engine/Content/EngineMaterials/DefaultPhysicalMaterial.uexp" 1406
"../../../Engine/Content/Functions/Engine_MaterialFunctions02/ExampleContent/Textures/water_d.ubulk" 1407
"../../../Engine/Content/Functions/Engine_MaterialFunctions02/ExampleContent/Textures/water_d.uasset" 1408
"../../../Engine/Content/Functions/Engine_MaterialFunctions02/ExampleContent/Textures/water_d.uexp" 1409
"D:/GitDdrive/DavidsMightyMenRepo/Content/Desert_Materials/T_sjzkfega_2K_ORM.ubulk" 1410
"D:/GitDdrive/DavidsMightyMenRepo/Content/Desert_Materials/T_sjzkfega_2K_ORM.uasset" 1411
"D:/GitDdrive/DavidsMightyMenRepo/Content/Desert_Materials/T_sjzkfega_2K_ORM.uexp" 1412
"D:/GitDdrive/DavidsMightyMenRepo/Content/Desert_Materials/T_sjzkfega_2K_N.ubulk" 1413
"D:/GitDdrive/DavidsMightyMenRepo/Content/Desert_Materials/T_sjzkfega_2K_N.uasset" 1414
"D:/GitDdrive/DavidsMightyMenRepo/Content/Desert_Materials/T_sjzkfega_2K_N.uexp" 1415
"D:/GitDdrive/DavidsMightyMenRepo/Content/Desert_Materials/T_sjzkfega_2K_B.ubulk" 1416
"D:/GitDdrive/DavidsMightyMenRepo/Content/Desert_Materials/T_sjzkfega_2K_B.uasset" 1417
"D:/GitDdrive/DavidsMightyMenRepo/Content/Desert_Materials/T_sjzkfega_2K_B.uexp" 1418
"D:/GitDdrive/DavidsMightyMenRepo/Content/Desert_Materials/M_Sand.uasset" 1419
"D:/GitDdrive/DavidsMightyMenRepo/Content/Desert_Materials/M_Sand.uexp" 1420
"D:/GitDdrive/DavidsMightyMenRepo/Content/Desert_Materials/MI_Sand_Inst.uasset" 1421
"D:/GitDdrive/DavidsMightyMenRepo/Content/Desert_Materials/MI_Sand_Inst.uexp" 1422
"D:/GitDdrive/DavidsMightyMenRepo/Content/Levels/SL/LandscapeDesert.uexp" 1423
"D:/GitDdrive/DavidsMightyMenRepo/Content/Levels/SL/LandscapeDesert.ubulk" 1424
"D:/GitDdrive/DavidsMightyMenRepo/Content/Levels/SL/LandscapeDesert.umap" 1425
"D:/GitDdrive/DavidsMightyMenRepo/Content/Levels/SL/Enemies+Player.uexp" 1426
"D:/GitDdrive/DavidsMightyMenRepo/Content/Levels/SL/Enemies+Player.umap" 1427
"D:/GitDdrive/DavidsMightyMenRepo/Content/Levels/SL/DesertPostProcess.uexp" 1428
"D:/GitDdrive/DavidsMightyMenRepo/Content/Levels/SL/DesertPostProcess.umap" 1429
"../../../Engine/Content/BasicShapes/Cylinder.ubulk" 1430
"../../../Engine/Content/BasicShapes/Cylinder.uasset" 1431
"../../../Engine/Content/BasicShapes/Cylinder.uexp" 1432
"D:/GitDdrive/DavidsMightyMenRepo/Content/Levels/_GENERATED/Xande/Stairs_54A48D69.ubulk" 1433
"D:/GitDdrive/DavidsMightyMenRepo/Content/Levels/_GENERATED/Xande/Stairs_54A48D69.uasset" 1434
"D:/GitDdrive/DavidsMightyMenRepo/Content/Levels/_GENERATED/Xande/Stairs_54A48D69.uexp" 1435
"D:/GitDdrive/DavidsMightyMenRepo/Content/Levels/_GENERATED/User/Cylinder_C81C785F.ubulk" 1436
"D:/GitDdrive/DavidsMightyMenRepo/Content/Levels/_GENERATED/User/Cylinder_C81C785F.uasset" 1437
"D:/GitDdrive/DavidsMightyMenRepo/Content/Levels/_GENERATED/User/Cylinder_C81C785F.uexp" 1438
"D:/GitDdrive/DavidsMightyMenRepo/Content/Levels/_GENERATED/User/Boolean_F83458A9.ubulk" 1439
"D:/GitDdrive/DavidsMightyMenRepo/Content/Levels/_GENERATED/User/Boolean_F83458A9.uasset" 1440
"D:/GitDdrive/DavidsMightyMenRepo/Content/Levels/_GENERATED/User/Boolean_F83458A9.uexp" 1441
"D:/GitDdrive/DavidsMightyMenRepo/Content/Levels/_GENERATED/User/Boolean_DC517380.ubulk" 1442
"D:/GitDdrive/DavidsMightyMenRepo/Content/Levels/_GENERATED/User/Boolean_DC517380.uasset" 1443
"D:/GitDdrive/DavidsMightyMenRepo/Content/Levels/_GENERATED/User/Boolean_DC517380.uexp" 1444
"D:/GitDdrive/DavidsMightyMenRepo/Content/Levels/_GENERATED/User/Boolean_5D48C718.ubulk" 1445
"D:/GitDdrive/DavidsMightyMenRepo/Content/Levels/_GENERATED/User/Boolean_5D48C718.uasset" 1446
"D:/GitDdrive/DavidsMightyMenRepo/Content/Levels/_GENERATED/User/Boolean_5D48C718.uexp" 1447
"D:/GitDdrive/DavidsMightyMenRepo/Content/Levels/_GENERATED/User/Boolean_296A119F.ubulk" 1448
"D:/GitDdrive/DavidsMightyMenRepo/Content/Levels/_GENERATED/User/Boolean_296A119F.uasset" 1449
"D:/GitDdrive/DavidsMightyMenRepo/Content/Levels/_GENERATED/User/Boolean_296A119F.uexp" 1450
"D:/GitDdrive/DavidsMightyMenRepo/Content/Levels/_GENERATED/User/Boolean_1396D330.ubulk" 1451
"D:/GitDdrive/DavidsMightyMenRepo/Content/Levels/_GENERATED/User/Boolean_1396D330.uasset" 1452
"D:/GitDdrive/DavidsMightyMenRepo/Content/Levels/_GENERATED/User/Boolean_1396D330.uexp" 1453
"D:/GitDdrive/DavidsMightyMenRepo/Content/LevelPrototyping/Textures/T_GridChecker_A.ubulk" 1454
"D:/GitDdrive/DavidsMightyMenRepo/Content/LevelPrototyping/Textures/T_GridChecker_A.uasset" 1455
"D:/GitDdrive/DavidsMightyMenRepo/Content/LevelPrototyping/Textures/T_GridChecker_A.uexp" 1456
"D:/GitDdrive/DavidsMightyMenRepo/Content/LevelPrototyping/Materials/MF_ProcGrid.uasset" 1457
"D:/GitDdrive/DavidsMightyMenRepo/Content/LevelPrototyping/Materials/MF_ProcGrid.uexp" 1458
"D:/GitDdrive/DavidsMightyMenRepo/Content/LevelPrototyping/Materials/M_PrototypeGrid.uasset" 1459
"D:/GitDdrive/DavidsMightyMenRepo/Content/LevelPrototyping/Materials/M_PrototypeGrid.uexp" 1460
"D:/GitDdrive/DavidsMightyMenRepo/Content/LevelPrototyping/Materials/MI_PrototypeGrid_Gray.uasset" 1461
"D:/GitDdrive/DavidsMightyMenRepo/Content/LevelPrototyping/Materials/MI_PrototypeGrid_Gray.uexp" 1462
"D:/GitDdrive/DavidsMightyMenRepo/Content/LevelPrototyping/Meshes/SM_Cylinder.ubulk" 1463
"D:/GitDdrive/DavidsMightyMenRepo/Content/LevelPrototyping/Meshes/SM_Cylinder.uasset" 1464
"D:/GitDdrive/DavidsMightyMenRepo/Content/LevelPrototyping/Meshes/SM_Cylinder.uexp" 1465
"D:/GitDdrive/DavidsMightyMenRepo/Content/LevelPrototyping/Meshes/SM_Cube.ubulk" 1466
"D:/GitDdrive/DavidsMightyMenRepo/Content/LevelPrototyping/Meshes/SM_Cube.uasset" 1467
"D:/GitDdrive/DavidsMightyMenRepo/Content/LevelPrototyping/Meshes/SM_Cube.uexp" 1468
"D:/GitDdrive/DavidsMightyMenRepo/Content/Levels/SL/City_Blockout.uexp" 1469
"D:/GitDdrive/DavidsMightyMenRepo/Content/Levels/SL/City_Blockout.umap" 1470
"D:/GitDdrive/DavidsMightyMenRepo/Content/Levels/SL/Cinematics.uexp" 1471
"D:/GitDdrive/DavidsMightyMenRepo/Content/Levels/SL/Cinematics.umap" 1472
